ID,FechaHora,NombreResponsable,Area,Circuito_Corregido,Estructura_Tag_Corregido,Latitud_Manual,Longitud_Manual,Apoyo_Tipo,Apoyo_Subtipo,Configuracion,Disposicion,ResistenciaPlaca,PesoPlaca,Templete_Observaciones,Aislador_Tipo,Aislador_A,Aislador_B,Aislador_C,DSD,DPS,DPS_A,DPS_B,DPS_C,Seccionador,Reconectador,Linepost,Transformador,PT,CT,Fusible,Mufa,Enrollamiento_Cable,Observaciones_Equipos,Afloramiento,Conectores_Afloramiento,Tuberia_Afloramiento,Cable,SPT_Bajante,SPT_Conexion,SPT_Cantidad,SPT_Estado,Herrajes_Accesorios,Cable_De_Guarda
70,16/10/2025 10:28,GEOPARK ,TIGANA ,TSUR-TSW,TS-TSWE09,4.432.631,-72.680.768,Poste,Concreto,Pullover (Cruce vertical),,1350,2500,Aislador y avifauna,Ceramica (Aislador de suspensión),4,4,4,,No,,,,No,No,No,No,No,No,No,Sí,No,,No,,,No,Cable desnudo,Cable de guarda,1,Bueno,,Sí
76,16/10/2025 11:19,GEOPARK ,TIGANA ,TSUR-TSW,TS-TSWE03,4.432.622,-72.677.954,Poste,Concreto,Pullover (Cruce vertical),,1350,2990,Aisladores y avifauna ,Ceramica (Aislador de suspensión),4,4,4,,No,,,,No,No,No,No,No,No,No,No,No,,No,,,No,Cable desnudo,Cable de guarda,1,No visible por acceso,,Sí
48,16/10/2025 7:42,GEOPARK ,TIGANA ,TSUR-TSW,TS-TSWE31,4.423.173,-72.690.199,Poste,Concreto,Retención (Corte),Triangular,1350,2990,Aisladores y avifauna,Ceramica (Aislador de suspensión),4,4,4,,No,,,,No,No,No,No,No,No,No,No,No,,No,,,No,Cable desnudo,Cable de guarda,1,Bueno,,Sí
49,16/10/2025 7:52,GEOPARK,TIGANA ,TSUR-TSW,TS-TSWE30,4.423.496,-72.689.799,Poste,Concreto,Pullover (Cruce vertical),,1350,2990,Aisladores y avifauna,Ceramica (Aislador de suspensión),4,4,4,,No,,,,No,No,No,No,No,No,No,No,No,,No,,,No,Cable desnudo,Cable de guarda,1,Bueno,,Sí
50,16/10/2025 8:02,GEOPARK ,TIGANA ,TSUR-TSW,TS-TSWE29,4.424.077,-72.690.635,Poste,Concreto,Pullover (Cruce vertical),,1350,2990,Aisladores y avifauna,Ceramica (Aislador de suspensión),4,4,4,,No,,,,No,No,No,No,No,No,No,No,No,,No,,,No,Cable desnudo,Cable de guarda,1,Bueno,,No
51,16/10/2025 8:10,GEOPARK ,TIGANA ,TSUR-TSW,TS-TSWE28,4.424.747,-72.690.504,Poste,Concreto,Retención (Corte),Triangular,1350,2990,Aisladores y 2 templetes con avifauna,,,,,,No,,,,,,,,,,,,,,,,,,,,,,,
52,16/10/2025 8:15,GEOPARK ,TIGANA ,TSUR-TSW,TS-TSWE27,4.425.298,-72.690.033,Poste,Concreto,Retención (Corte),Triangular,1350,2990,Aislador y avifauna. Presencia de vegetación,Ceramica (Aislador de suspensión),4,4,4,,No,,,,No,No,No,No,No,No,No,No,No,,No,,,No,Cable desnudo,Cable de guarda,1,Bueno,,Sí
53,16/10/2025 8:18,GEOPARK ,TIGANA ,TSUR-TSW,TS-TSWE26,4.425.333,-72.689.543,Poste,Concreto,Retención (Corte),Triangular,1350,2990,Aisladores y avifauna,Ceramica (Aislador de suspensión),4,4,4,,No,,,,No,No,No,No,No,No,No,No,No,,No,,,No,Cable desnudo,Cable de guarda,1,Bueno,,Sí
54,16/10/2025 8:21,GEOPARK ,TIGANA ,TSUR-TSW,TS-TSWE25,44.257.028,-726.887.323,Poste,Concreto,Suspensión,Triangular,1050,2940,,Ceramica (Aislador de suspensión),4,4,4,,No,,,,No,No,No,No,No,No,No,No,No,,No,,,No,Cable desnudo,Cable de guarda,1,Bueno,,Sí
55,16/10/2025 8:25,GEOPARK ,TIGANA ,TSUR-TSW,TS-TSWE24,44.260.292,-726.878.211,Poste,Concreto,Retención (Corte),Triangular,1350,2990,Aisladores y avifauna,Ceramica (Aislador de suspensión),4,4,4,,No,,,,No,No,Sí,No,No,No,No,No,No,,No,,,No,Cable desnudo,Cable de Guarda y Spark GAP,1,Bueno,,Sí
56,16/10/2025 8:31,GEOPARK ,TIGANA ,TSUR-TSW,TS-TSWE23,44.262.338,-726.868.328,Poste,Concreto,Suspensión,Triangular,1050,2940,,Ceramica (Aislador de suspensión),4,4,4,,No,,,,No,No,No,No,No,No,No,No,No,,No,,,No,Cable desnudo,Cable de guarda,1,Bueno,,Sí
57,16/10/2025 8:43,GEOPARK ,TIGANA ,TSUR-TSW,TS-TSW22,4.426.377,-72.685.637,Poste,Concreto,Suspensión,Triangular,1050,2940,,Ceramica (Aislador de suspensión),4,4,4,Sí,Sí,,,,No,No,No,No,No,No,No,No,No,,No,,,No,Cable desnudo,Cable de Guarda y un gap,2,Bueno,,Sí
58,16/10/2025 8:44,GEOPARK,TIGANA ,TSUR-TSW,TS-TSWE21,4.426.562,-7.268.452,Poste,Concreto,Retención (Corte),Triangular,1350,2990,Aisladores y avifauna,Ceramica (Aislador de suspensión),4,4,4,,No,,,,No,No,No,No,No,No,No,No,No,,No,,,No,Cable desnudo,Cable de guarda,1,Bueno,,Sí
59,16/10/2025 8:49,GEOPARK ,TIGANA ,TSUR-TSW,TS-TSWE20,4.426.951,-72.683.817,Poste,Concreto,Suspensión,Triangular,1050,2940,,Ceramica (Aislador de suspensión),4,4,4,,No,,,,No,No,No,No,No,No,No,No,No,,No,,,No,Cable desnudo,Cable de guarda,1,Bueno,,Sí
60,16/10/2025 8:54,GEOPARK ,TIGANA ,TSUR-TSW,TS-TSWE19,4.427.392,-72.683.012,Poste,Concreto,Suspensión,Triangular,1050,2940,,Ceramica (Aislador de suspensión),4,4,4,,No,,,,No,No,No,No,No,No,No,No,No,,No,,,No,Cable desnudo,Cable de guarda,1,Bueno,,Sí
61,16/10/2025 8:58,GEOPARK,TIGANA ,TSUR-TSW,TS-TSWE18,4.427.825,-72.682.213,Poste,Concreto,Retención (Corte),Triangular,1350,2990,Aislador y avifauna,Ceramica (Aislador de suspensión),4,4,4,,No,,,,No,No,No,No,No,No,No,No,No,,No,,,No,Cable desnudo,Cable de guarda,1,Bueno,,Sí
62,16/10/2025 9:14,GEOPARK ,TIGANA ,TSUR-TSW,TS-TSWE17,44.278.525,-72.681.214,Poste,Concreto,Retención (Corte),Triangular,1350,2990,Aisladores y avifauna ,Ceramica (Aislador de suspensión),4,4,4,,No,,,,No,No,No,No,No,No,No,No,No,,No,,,No,Cable desnudo,Cable de guarda,1,Bueno,,Sí
63,16/10/2025 9:22,GEOPARK ,TIGANA ,TSUR-TSW,TS-TSWE15,4.428.781,-72.679.203,Poste,Concreto,Retención (Corte),Triangular,1350,2990,avifauna oxidada 1 templete sin avifauna,Ceramica (Aislador de suspensión),4,4,4,,No,,,,No,No,No,No,No,No,No,No,No,,No,,,No,Cable desnudo,Cable de guarda,1,Bueno,,Sí
64,16/10/2025 9:25,GEOPARK ,TIGANA ,TSUR-TSW,TS-TSWE16,44.284.154,-726.802.233,Poste,Madera,Suspensión,Triangular,1350,2990,,Ceramica (Aislador de suspensión),4,4,4,,No,,,,No,No,No,No,No,No,No,No,No,,No,,,No,Cable desnudo,Cable de guarda,1,Bueno,,Sí
309,21/10/2025 8:48,GEOPARK ,PÓRTICO DERIVACIÓN,PDT-TT,CTT-TTE14,444.591,-72.630.391,Poste,Concreto,Suspensión,Triangular,1050,2940,,Ceramica (Aislador de suspensión),4,4,4,,No,,,,No,No,No,No,No,No,No,No,No,,No,,,No,Cable desnudo,Cable de guarda,1,Bueno,,Sí
66,16/10/2025 10:02,GEOPARK ,TIGANA ,TSUR-TSW,TS-TSWE13,443.024,-72.679.829,Poste,Concreto,Retención (Corte),Triangular,1350,2990,Aisladores y avifauna,Ceramica (Aislador de suspensión),4,4,4,,No,,,,No,No,No,No,No,No,No,No,No,,No,,,No,Cable desnudo,Cable de guarda,1,Bueno,,Sí
67,16/10/2025 10:07,GEOPARK ,TIGANA ,TSUR-TSW,TS-TSWE12,44.306.109,-72.680375,Poste,Concreto,Retención (Corte),Triangular,1050,2940,1 Avifauna oxidada,Ceramica (Aislador de suspensión),4,4,4,,No,,,,No,No,No,No,No,No,No,No,No,,No,,,No,Cable desnudo,Cable de guarda,1,Bueno,,Sí
68,16/10/2025 10:20,GEOPARK ,TIGANA ,TSUR-TSW,TS-TSWE11,4.431.463,-72.680.618,Poste,Concreto,Suspensión,Triangular,1050,2940,,Ceramica (Aislador de suspensión),4,4,4,,No,,,,No,No,No,No,No,No,No,No,No,,No,,,No,Cable desnudo,Cable de guarda,1,Bueno,,Sí
69,16/10/2025 10:22,GEOPARK ,TIGANA ,TSUR-TSW,TS-TSWE10,4.432.292,-72.680.765,Poste,Concreto,Retención (Corte),Horizontal,1350,2990,Aisladores y avifauna,Ceramica (Aislador de suspensión),4,4,4,,No,,,,No,No,No,No,No,No,No,No,No,,No,,,No,Cable desnudo,Cable de guarda,1,Bueno,,Sí
71,16/10/2025 10:49,GEOPARK ,TIGANA ,TSUR-TSW,TS-TSWE08,4.432.637,-72.679.956,Poste,Concreto,Retención (Corte),Derivación (Cruce doble remate),1350,2990,Aisladores y avifauna,Ceramica (Aislador de suspensión),4,4,4,,No,,,,Sí,No,Sí,No,No,No,No,No,No,,No,,,No,Cable desnudo,Cable de guarda,1,Bueno,,Sí
35,15/10/2025 10:35,GEOPARK,JACANA ,JCB - TIE,JCB-TIE12,439.501,-72.714.661,Poste,Concreto,Suspensión,Canadiense,1050,2300,,Ceramica (Aislador de suspensión),4,4,4,,Sí,1,1,1,No,No,No,No,No,No,No,No,No,,No,,,No,Cable desnudo,Sí,2,Bueno,Herrajes,Sí
29,15/10/2025 9:50,GEOPARK,JACANA ,JCB - TIE,JCB-TIE18,4.389.924,-72.711.461,Poste,Concreto,Suspensión,Canadiense,1050,2300,,Ceramica (Aislador de suspensión),4,4,4,,Sí,1,1,1,No,No,No,No,No,No,No,No,No,,No,,,No,Cable desnudo,Sí,1,Bueno,Herrajes,Sí
74,16/10/2025 11:09,GEOPARK ,TIGANA ,TSUR-TSW,TS-TSWE05,4.432.636,-72.679.776,Poste,Concreto,Retención (Corte),Derivación (Cruce doble remate),1350,2990,Aisladores y avifauna,Ceramica (Aislador de suspensión),4,4,4,,No,,,,No,No,No,No,No,No,No,No,No,,No,,,No,Cable desnudo,Cable de guarda,1,Bueno,,Sí
75,16/10/2025 11:12,GEOPARK,TIGANA ,TSUR-TSW,TS-TSWE04,4.432.632,-72.678.861,Poste,Concreto,Suspensión,Canadiense,1350,2990,,Ceramica (Aislador de suspensión),4,4,4,,No,,,,No,No,No,No,No,No,No,No,No,,No,,,No,Cable desnudo,Cable de guarda,1,Bueno,,Sí
77,16/10/2025 11:33,GEOPARK ,TIGANA ,TSUR-TSW,TS-TSWE02,4.433.399,-7.267.795,Poste,Concreto,Pullover (Cruce vertical),,1350,2600,Aisladores y avifauna ,Ceramica (Aislador de suspensión),4,4,4,,No,,,,No,No,No,No,No,No,No,No,No,,No,,,No,Cable desnudo,Cable de guarda,1,Bueno,,Sí
78,16/10/2025 11:36,GEOPARK ,TIGANA ,TSUR-TSW,TS-TSWE01,4.433.397,-72.677.753,Poste,Concreto,Pullover (Cruce vertical),,1350,2600,Aisladores y avifauna ,Ceramica (Aislador de suspensión),4,4,4,,No,,,,No,No,No,No,No,No,No,No,No,,No,,,No,Cable desnudo,Cable de guarda,1,Bueno,,Sí
,19/10/2025 7:33,GEOPARK,JACANA ,TISE -TIE TR2,TSE-TIE45,4.373.779,-727.166,Poste,Concreto,Retención (Corte),,1350,2990,Discos,Ceramica (Aislador de suspensión),8,8,8,,No,,,,No,No,No,No,No,No,No,No,No,,No,,,No,Cable desnudo,Sí,1,Bueno,Herrajes,Sí
217,19/10/2025 7:28,GEOPARK,JACANA ,TISE -TIE TR2,TSE-TIE44,4.373.407,-72.716.283,Poste,Concreto,Retención (Corte),Canadiense,1350,2990,Discos,Ceramica (Aislador de suspensión),8,8,8,,No,,,,No,No,No,No,No,No,No,No,No,,No,,,No,Cable desnudo,Sí,1,Bueno,Herrajes,Sí
218,19/10/2025 7:32,GEOPARK,JACANA ,TISE -TIE TR2,TSE-TIE43,4.373.069,-72.715.937,Poste,Concreto,Pullover (Cruce vertical),,1350,2990,,Ceramica (Aislador de suspensión),8,8,8,,No,,,,No,No,No,No,No,No,No,No,No,,No,,,No,Cable desnudo,Sí,1,Bueno,Herrajes,Sí
219,19/10/2025 7:38,GEOPARK,JACANA ,TISE -TIE TR2,TSE-TIE42,4.372.614,-72.716.374,Poste,Concreto,Suspensión,Canadiense,1350,2990,,Ceramica (Aislador de suspensión),4,4,4,,No,,,,No,No,No,No,No,No,No,No,No,,No,,,No,Cable desnudo,Sí,1,Bueno,Herrajes,Sí
220,19/10/2025 7:42,GEOPARK,JACANA ,TISE -TIE TR2,TSE-TIE41,4.372.161,-72.716.822,Poste,Concreto,Suspensión,Canadiense,1350,2990,,Ceramica (Aislador de suspensión),4,4,4,,No,,,,No,No,No,No,No,No,No,No,No,,No,,,No,Cable desnudo,Sí,1,Bueno,Herrajes,Sí
221,19/10/2025 7:46,GEOPARK,JACANA ,TISE -TIE TR2,TSE-TIE40,4.371.687,-72.717.266,Poste,Concreto,Pullover (Cruce vertical),,1350,2990,,Ceramica (Aislador de suspensión),8,8,8,,No,,,,No,No,No,No,No,No,No,No,No,,No,,,No,Cable desnudo,Sí,1,Bueno,Herrajes,Sí
222,19/10/2025 7:49,GEOPARK,JACANA ,TISE -TIE TR2,TSE-TIE39,4.371.882,-72.717.555,Poste,Concreto,Retención (Corte),Canadiense,1350,2990,Discos,Ceramica (Aislador de suspensión),8,8,8,,No,,,,No,No,No,No,No,No,No,No,No,,No,,,No,Cable desnudo,Sí,1,Bueno,Herrajes,Sí
223,19/10/2025 7:52,GEOPARK,JACANA ,TISE -TIE TR2,TSE-TIE38,4.372.364,-72.718.068,Poste,Concreto,Pullover (Cruce vertical),,1350,2990,,Ceramica (Aislador de suspensión),8,8,8,,No,,,,No,No,No,No,No,No,No,No,No,,No,,,No,Cable desnudo,Sí,1,Bueno,Herrajes,Sí
254,20/10/2025 8:25,GEOPARK,JACANA ,TISE -TIE TR2,TSE-TIE46,43.740.793,-727.166.588,Poste,Concreto,Retención (Corte),Canadiense,1350,2600,,Ceramica (Aislador de suspensión),8,8,8,,No,,,,No,No,No,No,No,No,No,No,No,,No,,,No,Cable desnudo,Sí,1,Bueno,Herrajes,Sí
255,20/10/2025 8:33,GEOPARK,JACANA ,TISE -TIE TR2,TSE-TIE47,4.374.755,-72.716.262,Poste,Concreto,Suspensión,Canadiense,1050,2300,,Ceramica (Aislador de suspensión),4,4,4,,No,,,,No,No,No,No,No,No,No,No,No,,No,,,No,Cable desnudo,Sí,1,Bueno,Herrajes,Sí
256,20/10/2025 8:39,GEOPARK,JACANA ,TISE -TIE TR2,TSE-TIE48,4.375.443,-72.716.043,Poste,Concreto,Pullover (Cruce vertical),,1350,2990,,Ceramica (Aislador de suspensión),8,8,8,,No,,,,No,No,No,No,No,No,No,No,No,,No,,,No,Cable desnudo,Sí,1,Bueno,Herrajes,Sí
257,20/10/2025 8:45,GEOPARK,JACANA ,TISE -TIE TR2,TSE-TIE49,43.759.724,-727.165.489,Poste,Concreto,Suspensión,Canadiense,1050,2300,,Ceramica (Aislador de suspensión),4,4,4,,No,,,,No,No,No,No,No,No,No,No,No,,No,,,No,Cable desnudo,Sí,1,Bueno,Herrajes,Sí
258,20/10/2025 8:50,GEOPARK,JACANA ,TISE -TIE TR2,TSE-TIE50,43.766.399,-727.170.261,Poste,Concreto,Retención (Corte),Canadiense,1350,2600,Discos,Ceramica (Aislador de suspensión),8,8,8,,No,,,,No,No,No,No,No,No,No,No,No,,No,,,No,Cable desnudo,Sí,2,Bueno,Herrajes,Sí
259,20/10/2025 8:55,GEOPARK,JACANA ,TISE -TIE TR2,TSE-TIE51,4.377.537,-72.717.565,Poste,Concreto,Suspensión,Canadiense,1050,2300,,Ceramica (Aislador de suspensión),4,4,4,,No,,,,No,No,No,No,No,No,No,No,No,,No,,,No,Cable desnudo,Sí,1,Bueno,Herrajes,Sí
260,20/10/2025 9:01,GEOPARK,JACANA ,TISE -TIE TR2,TSE-TIE52,4.378.267,-72.718.102,Poste,Concreto,Suspensión,Canadiense,1050,2300,,Ceramica (Aislador de suspensión),4,4,4,,No,,,,No,No,No,No,No,No,No,No,No,,No,,,No,Cable desnudo,Sí,1,Bueno,Herrajes,Sí
261,20/10/2025 9:05,GEOPARK,JACANA ,TISE -TIE TR2,TSE-TIE53,4.378.919,-72.718.586,Poste,Concreto,Retención (Corte),Canadiense,1350,2600,Discos,Ceramica (Aislador de suspensión),8,8,8,,No,,,,No,No,No,No,No,No,No,No,No,,No,,,No,Cable desnudo,Sí,1,Bueno,Herrajes,Sí
262,20/10/2025 9:09,GEOPARK,JACANA ,TISE -TIE TR2,TSE-TIE54,4.379.561,-72.718.798,Poste,Concreto,Retención (Corte),Canadiense,1350,2600,Discos,Ceramica (Aislador de suspensión),8,8,8,,No,,,,No,No,No,No,No,No,No,No,No,,No,,,No,Cable desnudo,Sí,1,Bueno,Herrajes,Sí
263,20/10/2025 9:17,GEOPARK,JACANA ,TISE -TIE TR2,TSE-TIE55,438.023,-72.718.716,Poste,Concreto,Retención (Corte),Canadiense,1350,2600,Discos,Ceramica (Aislador de suspensión),8,8,8,,No,,,,No,No,No,No,No,No,No,No,No,,No,,,No,Cable desnudo,Sí,1,Bueno,Herrajes,Sí
264,20/10/2025 9:27,GEOPARK,JACANA ,TISE -TIE TR2,TSE-TIE56,4.381.035,-72.718.224,Poste,Concreto,Retención (Corte),Canadiense,1350,2600,Discos,Ceramica (Aislador de suspensión),8,8,8,,No,,,,No,No,No,No,No,No,No,No,No,,No,,,No,Cable desnudo,Sí,1,Bueno,Herrajes,Sí
265,20/10/2025 9:39,GEOPARK,JACANA ,TISE -TIE TR2,TSE-TIE57,43.815.432,-72.717.616,Poste,Concreto,Suspensión,Canadiense,1350,2990,,Ceramica (Aislador de suspensión),4,4,4,,No,,,,No,No,No,No,No,No,No,No,No,,No,,,No,Cable desnudo,Sí,1,Bueno,Herrajes,Sí
266,20/10/2025 9:44,GEOPARK,JACANA ,TISE -TIE TR2,TSE-TIE58,43.820.733,-727.169.457,Poste,Concreto,Retención (Corte),Canadiense,1350,2600,Discos,Ceramica (Aislador de suspensión),8,8,8,,No,,,,No,No,No,No,No,No,No,No,No,,No,,,No,Cable desnudo,Sí,1,Bueno,Herrajes,Sí
267,20/10/2025 9:47,GEOPARK,JACANA ,TISE -TIE TR2,TSE-TIE60,43.830.533,-727.155.772,Poste,Concreto,Suspensión,Canadiense,1350,2990,,Ceramica (Aislador de suspensión),8,8,8,,No,,,,No,No,No,No,No,No,No,No,No,,No,,,No,Cable desnudo,Sí,1,Bueno,Herrajes,Sí
268,20/10/2025 9:52,GEOPARK,JACANA ,TISE -TIE TR2,TSE-TIE59,43.825.799,-72.716.214,Poste,Concreto,Suspensión,Canadiense,1350,2990,,Ceramica (Aislador de suspensión),4,4,4,,No,,,,No,No,No,No,No,No,No,No,No,,No,,,No,Cable desnudo,Sí,1,Bueno,Herrajes,Sí
269,20/10/2025 10:10,GEOPARK,JACANA ,TISE -TIE TR2,TSE-TIE61,43.836.095,-727.148.196,Poste,Concreto,Retención (Corte),Canadiense,1350,2600,Discos,Ceramica (Aislador de suspensión),8,8,8,,No,,,,No,No,No,No,No,No,No,No,No,,No,,,No,Cable desnudo,Sí,1,Bueno,Herrajes,Sí
270,20/10/2025 10:20,GEOPARK,JACANA ,TISE -TIE TR2,TSE-TIE62,4.383.917,-72.713.765,Poste,Concreto,Retención (Corte),Canadiense,1350,2600,Discos,Ceramica (Aislador de suspensión),8,8,8,,No,,,,No,No,No,No,No,No,No,No,No,,No,,,No,Cable desnudo,Sí,1,Bueno,Herrajes,Sí
271,20/10/2025 10:39,GEOPARK,JACANA ,TISE -TIE TR2,TSE-TIE63,43.841.331,-727.132.973,Poste,Concreto,Suspensión,Canadiense,1350,2600,,Ceramica (Aislador de suspensión),4,4,4,,No,,,,No,No,No,No,No,No,No,No,No,,No,,,No,Cable desnudo,Sí,1,Bueno,Herrajes,Sí
272,20/10/2025 10:44,GEOPARK,JACANA ,TISE -TIE TR2,TSE-TIE64,43.843.832,-727.125.181,Poste,Concreto,Suspensión,Canadiense,1350,2600,,Ceramica (Aislador de suspensión),4,4,4,,No,,,,No,No,No,No,No,No,No,No,No,,No,,,No,Cable desnudo,Sí,1,Bueno,Herrajes,Sí
273,20/10/2025 10:53,GEOPARK,JACANA ,TISE -TIE TR2,TSE-TIE65,4.384.679,-727.117.654,Poste,Concreto,Retención (Corte),Canadiense,1350,2600,,Ceramica (Aislador de suspensión),8,8,8,,No,,,,No,No,No,No,No,No,No,No,No,,No,,,No,Cable desnudo,Sí,1,Bueno,Herrajes,Sí
274,20/10/2025 10:57,GEOPARK,JACANA ,TISE -TIE TR2,TSE-TIE66,43.849.187,-727.109.987,Poste,Concreto,Suspensión,Canadiense,1350,2600,,Ceramica (Aislador de suspensión),4,4,4,,No,,,,No,No,No,No,No,No,No,No,No,,No,,,No,Cable desnudo,Sí,1,Bueno,Herrajes,Sí
275,20/10/2025 11:00,GEOPARK,JACANA ,TISE -TIE TR2,TSE-TIE67,4.385.185,-727.102.268,Poste,Concreto,Suspensión,Canadiense,1350,2600,,Ceramica (Aislador de suspensión),4,4,4,,No,,,,No,No,No,No,No,No,No,No,No,,No,,,No,Cable desnudo,Sí,1,Bueno,Herrajes,Sí
276,20/10/2025 11:06,GEOPARK,JACANA ,TISE -TIE TR2,TSE-TIE68,4.385.371,-72.709.382,Poste,Concreto,Pullover (Cruce vertical),,1350,2600,,Ceramica (Aislador de suspensión),8,8,8,,No,,,,No,No,No,No,No,No,No,No,No,,No,,,No,Cable desnudo,Sí,1,Bueno,Herrajes,Sí
277,20/10/2025 11:10,GEOPARK,JACANA ,TISE -TIE TR2,TSE-TIE69,4.385.106,-72.709.005,Poste,Concreto,Suspensión,Canadiense,1350,2990,,Ceramica (Aislador de suspensión),4,4,4,,No,,,,No,No,No,No,No,No,No,No,No,,No,,,No,Cable desnudo,Sí,1,Bueno,Herrajes,Sí
278,20/10/2025 11:15,GEOPARK,JACANA ,TISE -TIE TR2,TSE-TIE70,4.384.632,-72.708.348,Poste,Concreto,Retención (Corte),Canadiense,1350,2300,Discos,Ceramica (Aislador de suspensión),8,8,8,,No,,,,No,No,No,No,No,No,No,No,No,,No,,,No,Cable desnudo,Sí,2,Bueno,Herrajes,Sí
279,20/10/2025 13:45,GEOPARK,JACANA ,TISE -TIE TR2,TSE-TIE37,43.716.736,-727.187.554,Poste,Concreto,Pullover (Cruce vertical),,1350,2500,,Ceramica (Aislador de suspensión),8,8,8,,No,,,,No,No,No,No,No,No,No,No,No,,No,,,No,Cable desnudo,Sí,1,Bueno,Herrajes,Sí
,15/10/2025 8:18,GEOPARK,JACANA ,TISE -TIE TR2,TSE-TIE77,4.381.513,-72.704.078,Poste,Concreto,Retención (Corte),,1350,2990,Discos,Ceramica (Aislador de suspensión),8,8,8,,No,,,,No,No,No,No,No,No,No,No,No,,No,,,No,Cable desnudo,Sí,1,Bueno,Herrajes,Sí
,15/10/2025 8:15,GEOPARK,JACANA ,TISE -TIE TR2,TSE-TIE78,4.381.502,-72.703.233,Poste,Concreto,Retención (Corte),,1350,2990,Discos,Ceramica (Aislador de suspensión),8,8,8,,No,,,,No,No,No,No,No,No,No,No,No,,No,,,No,Cable desnudo,Sí,1,Bueno,Herrajes,Sí
225,19/10/2025 7:57,GEOPARK,JACANA ,TIG -TISE / TISE - TIE TR1,TIG-TISE01,43.720.056,-727.176.222,Poste,Concreto,Pullover (Cruce vertical),,1350,2990,,Ceramica (Aislador de suspensión),8,8,8,,No,,,,No,No,No,No,No,No,No,No,No,,No,,,No,Cable desnudo,Sí,1,Bueno,Herrajes,Sí
226,19/10/2025 8:05,GEOPARK,JACANA ,TIG -TISE / TISE - TIE TR1,TIG-TISE02,4.372.425,-72.718.071,Poste,Concreto,Pullover (Cruce vertical),,1350,2990,,Ceramica (Aislador de suspensión),8,8,8,,No,,,,No,No,No,No,No,No,No,No,No,,No,,,No,Cable desnudo,Sí,1,Bueno,Herrajes,Sí
280,20/10/2025 13:46,GEOPARK,JACANA ,TIG -TISE / TISE - TIE TR1,TIG-TISE03,43.716.709,-727.187.509,Poste,Concreto,Pullover (Cruce vertical),,1350,2600,,Ceramica (Aislador de suspensión),8,8,8,,No,,,,No,No,No,No,No,No,No,No,No,,No,,,No,Cable desnudo,Sí,1,Bueno,Herrajes,Sí
23,15/10/2025 9:06,GEOPARK,JACANA ,JCB - TIE,JCB-TIE24,4.385.111,-72.708.705,Poste,Concreto,Retención (Corte),Canadiense,1350,2990,Discos,Ceramica (Aislador de suspensión),8,8,8,,Sí,1,1,1,No,No,No,No,No,No,No,No,No,,No,,,No,Cable desnudo,Sí,1,Bueno,Herrajes,Sí
282,20/10/2025 13:59,GEOPARK,JACANA ,TIG -TISE / TISE - TIE TR1,TIG-TISE05 Y TSE-TIE35,4.370.081,-7.271.947,Poste,Concreto,Suspensión,Canadiense,1350,2300,,Ceramica (Aislador de suspensión),8,8,8,,No,,,,No,No,No,No,No,No,No,No,No,,No,,,No,Cable desnudo,Sí,1,Bueno,Herrajes,Sí
283,20/10/2025 14:06,GEOPARK,JACANA ,TIG -TISE / TISE - TIE TR1,TIG-TISE06 Y TSE-TIE34,43.693.417,-727.200.917,Poste,Concreto,Retención (Corte),Canadiense,1350,3200,Discos,Ceramica (Aislador de suspensión),16,16,16,,No,,,,No,No,No,No,No,No,No,No,No,,No,,,No,No,,,,,Sí
284,20/10/2025 14:09,GEOPARK,JACANA ,TIG -TISE / TISE - TIE TR1,TIG-TISE07 TSE-TIE33,43.685.972,-72.720.674,Poste,Concreto,Retención (Corte),Canadiense,1350,3200,Discos,Ceramica (Aislador de suspensión),16,16,16,,No,,,,No,No,No,No,No,No,No,No,No,,No,,,No,Cable desnudo,Sí,1,Bueno,Herrajes,Sí
19,15/10/2025 8:42,GEOPARK,JACANA ,JCB - TIE / TISE - TIE TR3,JCB-TIE28,4.383.432,-72.706.719,Poste,Concreto,Suspensión,Canadiense,1350,2990,,Ceramica (Aislador de suspensión),4,4,4,,Sí,1,1,1,No,No,No,No,No,No,No,No,No,,No,,,No,Cable desnudo,Sí,1,Bueno,Herrajes,Sí
286,20/10/2025 14:18,GEOPARK,JACANA ,TIG -TISE / TISE - TIE TR1,TIG-TISE09,43.669.028,-727.213.056,Poste,Concreto,Pullover (Cruce vertical),,1350,2600,,Ceramica (Aislador de suspensión),8,8,8,,No,,,,No,No,No,No,No,No,No,No,No,,No,,,No,Cable desnudo,Sí,1,Bueno,Herrajes,Sí
287,20/10/2025 14:19,GEOPARK,JACANA ,TIG -TISE / TISE - TIE TR1,TSE-TIE31,4.366.827,-72.721.279,Poste,Concreto,Pullover (Cruce vertical),,1350,2600,,Ceramica (Aislador de suspensión),8,8,8,,No,,,,No,No,No,No,No,No,No,No,No,,No,,,No,Cable desnudo,Sí,1,Bueno,Herrajes,Sí
288,20/10/2025 14:26,GEOPARK,JACANA ,TIG -TISE / TISE - TIE TR1,TIG-TISE10,4.365.649,-72.721.119,Poste,Concreto,Pullover (Cruce vertical),,1350,2600,Pie de amigo,Ceramica (Aislador de suspensión),8,8,8,,No,,,,No,No,No,No,No,No,No,No,No,,No,,,No,Cable desnudo,Sí,1,Bueno,Herrajes,Sí
289,20/10/2025 14:27,GEOPARK,JACANA ,TIG -TISE / TISE - TIE TR1,TSE-TIE30,43.657.417,-727.210.556,Poste,Concreto,Pullover (Cruce vertical),,1350,2600,,Ceramica (Aislador de suspensión),8,8,8,,No,,,,No,No,No,No,No,No,No,No,No,,No,,,No,Cable desnudo,Sí,1,Bueno,Herrajes,Sí
290,20/10/2025 14:32,GEOPARK,JACANA ,TIG -TISE / TISE - TIE TR1,TIG-TISE11A,43.656.389,-727.205.417,Poste,Concreto,Pullover (Cruce vertical),,1350,2990,Pie de amigo,Ceramica (Aislador de suspensión),8,8,8,,No,,,,No,No,No,No,No,No,No,No,No,,No,,,No,Cable desnudo,Sí,1,Bueno,Herrajes,Sí
291,20/10/2025 14:33,GEOPARK,JACANA ,TIG -TISE / TISE - TIE TR1,TSE-TIE29,43.656.276,-727.205.045,Poste,Concreto,Pullover (Cruce vertical),,1350,2990,,Ceramica (Aislador de suspensión),8,8,8,,No,,,,No,No,No,No,No,No,No,No,No,,No,,,No,Cable desnudo,Sí,1,Bueno,Herrajes,Sí
292,20/10/2025 14:39,GEOPARK,JACANA ,TIG -TISE / TISE - TIE TR1,TIG-TISE12 Y TSE-TIE28,43.662.333,-727.197.222,Poste,Concreto,Retención (Corte),Canadiense,1350,2300,,Ceramica (Aislador de suspensión),16,16,16,,No,,,,No,No,No,No,No,No,No,No,No,,No,,,No,Cable desnudo,Sí,1,Bueno,Herrajes,Sí
46,15/10/2025 11:26,GEOPARK ,JACANA,JCB - TIE,JCB-TIEE07,4.399.077,-72.717.143,Poste,Concreto,Retención (Corte),Canadiense,1350,2990,con aisladores ,Ceramica (Aislador de suspensión),4,4,4,,Sí,1,1,1,No,No,No,No,No,No,No,No,No,,No,,,No,Cable desnudo,Cable de guarda,1,Bueno,,Sí
33,15/10/2025 10:12,GEOPARK,JACANA ,JCB - TIE,JCB-TIE14,43.930.927,-727.136.844,Poste,Concreto,Suspensión,Canadiense,1050,2300,,Ceramica (Aislador de suspensión),4,4,4,,No,,,,No,No,No,No,No,No,No,No,No,,No,,,No,Cable desnudo,Sí,1,Bueno,Herrajes,Sí
295,20/10/2025 14:53,GEOPARK,JACANA ,TIG -TISE / TISE - TIE TR1,TIG-TISE15 Y TSE-TIE25,43.669.778,-727.170.861,Poste,Concreto,Retención (Corte),Canadiense,1350,2990,Discos,Ceramica (Aislador de suspensión),16,16,16,,No,,,,No,No,No,No,No,No,No,No,No,,No,,,No,Cable desnudo,Sí,1,Bueno,Herrajes,Sí
296,20/10/2025 14:56,GEOPARK,JACANA ,TIG -TISE / TISE - TIE TR1,TIG-TISE16,4.366.933,-72.716.449,Poste,Concreto,Pullover (Cruce vertical),,1350,2990,,Ceramica (Aislador de suspensión),8,8,8,,No,,,,No,No,No,No,No,No,No,No,No,,No,,,No,Cable desnudo,Sí,1,Bueno,Herrajes,Sí
297,20/10/2025 14:57,GEOPARK,JACANA ,TIG -TISE / TISE - TIE TR1,TSE-TIE24,4.366.975,-72.716.449,Poste,Concreto,Pullover (Cruce vertical),,1350,2990,,Ceramica (Aislador de suspensión),8,8,8,,No,,,,No,No,No,No,No,No,No,No,No,,No,,,No,Cable desnudo,Sí,1,Bueno,Herrajes,Sí
298,20/10/2025 15:03,GEOPARK,JACANA ,TIG -TISE / TISE - TIE TR1,TIG-TISE17 Y TSE-TIE23,4.366.383,-72.715.645,Poste,Concreto,Suspensión,Canadiense,1350,3200,,Ceramica (Aislador de suspensión),8,8,8,,No,,,,No,No,No,No,No,No,No,No,No,,No,,,No,Cable desnudo,Sí,1,Bueno,Herrajes,Sí
205,18/10/2025 10:37,GEOPARK,JACANA ,JCE - JCC / JP -JCC TR2,JCE-JCC08 Y JP-JCC 51,43.685.083,-727.559.361,Poste,Concreto,Suspensión,Canadiense,1350,3200,,Ceramica (Aislador de suspensión),4,4,4,,Sí,1,1,1,No,No,No,No,No,No,No,No,No,,No,,,No,Cable desnudo,Sí,1,Bueno,Herrajes,Sí
300,20/10/2025 15:15,GEOPARK,JACANA ,TIG -TISE / TISE - TIE TR1,TSE-TIE21 Y TIG-TISE19,4.365.344,-727.139.944,Poste,Concreto,Retención (Corte),H,1350,2990,Discos,Ceramica (Aislador de suspensión),16,16,16,,No,,,,No,No,Sí,No,No,No,No,No,No,4 linepost fase B y fase C,No,,,No,Cable desnudo,Sí,2,Bueno,Herrajes,Sí
301,21/10/2025 8:34,GEOPARK,JACANA ,TIG -TISE / TISE - TIE TR1,TSE-TIE01,4.366.808,-72.697.051,Poste,Concreto,Pullover (Cruce vertical),,1350,2990,,Ceramica (Aislador de suspensión),8,8,8,,No,,,,No,No,No,No,No,No,No,No,No,,No,,,No,Cable desnudo,Sí,1,Bueno,Herrajes,Sí
302,21/10/2025 8:35,GEOPARK,JACANA ,TIG -TISE / TISE - TIE TR1,TIG-TISE39,4.366.751,-72.697.105,Poste,Concreto,Pullover (Cruce vertical),,1350,2990,,Ceramica (Aislador de suspensión),8,8,8,,No,,,,No,No,No,No,No,No,No,No,No,,No,,,No,Cable desnudo,Sí,1,Bueno,Herrajes,Sí
303,21/10/2025 8:36,GEOPARK,JACANA ,TIG -TISE / TISE - TIE TR1,TSE-TIE02,43.667.222,-726.973.972,Poste,Concreto,Pullover (Cruce vertical),,1350,2990,,Ceramica (Aislador de suspensión),8,8,8,,No,,,,No,No,No,No,No,No,No,No,No,,No,,,No,Cable desnudo,Sí,1,Bueno,Herrajes,Sí
304,21/10/2025 8:37,GEOPARK,JACANA ,TIG -TISE / TISE - TIE TR1,TIG-TISE38,43.666.917,-726.974.167,Poste,Concreto,Pullover (Cruce vertical),,1350,2990,,Ceramica (Aislador de suspensión),8,8,8,,No,,,,No,No,No,No,No,No,No,No,No,,No,,,No,Cable desnudo,Sí,1,Bueno,Herrajes,Sí
305,21/10/2025 8:40,GEOPARK,JACANA ,TIG -TISE / TISE - TIE TR1,TSE-TIE03,43.662.333,-726.973.944,Poste,Concreto,Pullover (Cruce vertical),,1350,2990,,Ceramica (Aislador de suspensión),8,8,8,,No,,,,No,No,No,No,No,No,No,No,No,,No,,,No,Cable desnudo,Sí,1,Bueno,Herrajes,Sí
306,21/10/2025 8:41,GEOPARK,JACANA ,TIG -TISE / TISE - TIE TR1,TIG-TISE37,43.661.724,-726.974.035,Poste,Concreto,Pullover (Cruce vertical),,1350,2990,,Ceramica (Aislador de suspensión),8,8,8,,No,,,,No,No,No,No,No,No,No,No,No,,No,,,No,Cable desnudo,Sí,1,Bueno,Herrajes,Sí
307,21/10/2025 8:53,GEOPARK,JACANA ,TIG -TISE / TISE - TIE TR1,TIG-TISE36 Y TSE-TIE04,43.660.972,-726.983.639,Poste,Concreto,Suspensión,Canadiense,1350,2990,,Ceramica (Aislador de suspensión),8,8,8,,No,,,,No,No,No,No,No,No,No,No,No,,No,,,No,Cable desnudo,Sí,1,Bueno,Herrajes,Sí
308,21/10/2025 8:58,GEOPARK,JACANA ,TIG -TISE / TISE - TIE TR1,TIG-TISE05 Y TSE-TIE35,43.661.389,-7.269.915,Poste,Concreto,Suspensión,Canadiense,1350,2990,,Ceramica (Aislador de suspensión),8,8,8,,No,,,,No,No,No,No,No,No,No,No,No,,No,,,No,Cable desnudo,Sí,1,Bueno,Herrajes,Sí
310,21/10/2025 9:05,GEOPARK,JACANA ,TIG -TISE / TISE - TIE TR1,TIG-TISE33 Y TSE-TIE07,43.661.656,-727.009.366,Poste,Concreto,Suspensión,Canadiense,1350,3200,,Ceramica (Aislador de suspensión),8,8,8,,No,,,,No,No,No,No,No,No,No,No,No,,No,,,No,Cable desnudo,Sí,1,Bueno,Herrajes,Sí
311,21/10/2025 9:08,GEOPARK,JACANA ,TIG -TISE / TISE - TIE TR1,TIG-TISE 32 Y TSE-TIE8,43.662.586,-727.018.851,Poste,Concreto,Retención (Corte),Canadiense,1350,2990,Discos,Ceramica (Aislador de suspensión),16,16,16,,No,,,,No,No,No,No,No,No,No,No,No,,No,,,No,Cable desnudo,Sí,1,Bueno,Herrajes,Sí
312,21/10/2025 9:12,GEOPARK,JACANA ,TIG -TISE / TISE - TIE TR1,TIG-TISE31 Y TSE-TIE09,43.663.611,-7.270.265,Poste,Concreto,Suspensión,Canadiense,1350,2990,,Ceramica (Aislador de suspensión),8,8,8,,No,,,,No,No,No,No,No,No,No,No,No,,No,,,No,Cable desnudo,Sí,1,Bueno,Herrajes,Sí
313,21/10/2025 9:15,GEOPARK,JACANA ,TIG -TISE / TISE - TIE TR1,TIG-TISE30 Y TSE-TIE10,43.662.833,-727.034.806,Poste,Concreto,Retención (Corte),Canadiense,1350,2990,Discos,Ceramica (Aislador de suspensión),16,16,16,,No,,,,No,No,No,No,No,No,No,No,No,,No,,,No,Cable desnudo,Sí,1,Bueno,Herrajes,Sí
250,19/10/2025 9:46,GEOPARK,JACANA ,JAC - TIG,JC-TI01,4.386.857,-72.723.445,Poste,Concreto,Retención (Corte),Triangular,1350,2500,Con aisladores,Ceramica (Aislador de suspensión),16,16,16,,Sí,1,1,1,Sí,No,Sí,No,No,No,No,No,No,DPS solo para circuito Jacana pozos,Sí,Premoldeados,IMC,No,Cable desnudo,Sí,1,Bueno,Herrajes,Sí
315,21/10/2025 9:23,GEOPARK,JACANA ,TIG -TISE / TISE - TIE TR1,TIG-TISE28 Y TSE-TIE12,43.666.944,-727.052.583,Poste,Concreto,Suspensión,Canadiense,1350,2990,,Ceramica (Aislador de suspensión),8,8,8,,No,,,,No,No,No,No,No,No,No,No,No,,No,,,No,Cable desnudo,Sí,1,Bueno,Herrajes,Sí
316,21/10/2025 9:26,GEOPARK,JACANA ,TIG -TISE / TISE - TIE TR1,TIG-TISE27 Y TSE-TIE13,43.669.501,-727.062.213,Poste,Concreto,Suspensión,Canadiense,1350,2990,,Ceramica (Aislador de suspensión),8,8,8,,No,,,,No,No,No,No,No,No,No,No,No,,No,,,No,Cable desnudo,Sí,1,Bueno,Herrajes,Sí
199,18/10/2025 10:03,GEOPARK,JACANA ,JCE - JCC / JP -JCC TR2,JCE-JCC14 Y JP-JCC57,4.368.125,-727.612.028,Poste,Concreto,Suspensión,Canadiense,1350,3200,,Ceramica (Aislador de suspensión),4,4,4,,No,,,,No,No,No,No,No,No,No,No,No,,No,,,No,Cable desnudo,Sí,1,Bueno,Herrajes,Sí
318,21/10/2025 9:34,GEOPARK,JACANA ,TIG -TISE / TISE - TIE TR1,TIG-TISE25 Y TSE-TIE15,43.671.462,-727.078.761,Poste,Concreto,Suspensión,Canadiense,1350,2990,,Ceramica (Aislador de suspensión),8,8,8,,No,,,,No,No,No,No,No,No,No,No,No,,No,,,No,Cable desnudo,Sí,1,Bueno,Herrajes,Sí
319,21/10/2025 9:41,GEOPARK,JACANA ,TIG -TISE / TISE - TIE TR1,TSE-TIE16,43.673.694,-727.090.222,Poste,Concreto,Pullover (Cruce vertical),,1350,2990,,Ceramica (Aislador de suspensión),8,8,8,,No,,,,No,No,No,No,No,No,No,No,No,,No,,,No,Cable desnudo,Sí,1,Bueno,Herrajes,Sí
320,21/10/2025 9:43,GEOPARK,JACANA ,TIG -TISE / TISE - TIE TR1,TIG-TISE24,43.673.566,-727.089.843,Poste,Concreto,Pullover (Cruce vertical),,1350,2990,,Ceramica (Aislador de suspensión),8,8,8,,No,,,,No,No,No,No,No,No,No,No,No,,No,,,No,Cable desnudo,Sí,1,Bueno,Herrajes,Sí
251,19/10/2025 9:55,GEOPARK,JACANA ,JAC - TIG,JC-TI01-JTIG,4.387.328,-72.723.386,Poste,Concreto,Retención (Corte),Triangular,1350,2990,,Ceramica (Aislador de suspensión),8,8,8,,Sí,1,1,1,Sí,No,Sí,No,No,No,No,No,No,,Sí,Premoldeados,IMC,No,Cable desnudo,Sí,1,Bueno,Herrajes,Sí
322,21/10/2025 9:50,GEOPARK,JACANA ,TIG -TISE / TISE - TIE TR1,TIG-TISE22 Y TSE-TIE18,43.660.779,-727.105.787,Poste,Concreto,Suspensión,Canadiense,1350,2990,,Ceramica (Aislador de suspensión),8,8,8,,No,,,,No,No,No,No,No,No,No,No,No,,No,,,No,Cable desnudo,Sí,1,Bueno,Herrajes,Sí
323,21/10/2025 9:54,GEOPARK,JACANA ,TIG -TISE / TISE - TIE TR1,TIG-TISE21,4.365.369,-72.711.399,Poste,Concreto,Pullover (Cruce vertical),,1350,2990,,Ceramica (Aislador de suspensión),8,8,8,,No,,,,No,No,No,No,No,No,No,No,No,,No,,,No,Cable desnudo,Sí,1,Bueno,Herrajes,Sí
324,21/10/2025 9:55,GEOPARK,JACANA ,TIG -TISE / TISE - TIE TR1,TSE-TIE19,43.654.109,-727.113.902,Poste,Concreto,Pullover (Cruce vertical),,1350,2990,,Ceramica (Aislador de suspensión),8,8,8,,No,,,,No,No,No,No,No,No,No,No,No,,No,,,No,Cable desnudo,Sí,1,Bueno,Herrajes,Sí
325,21/10/2025 10:01,GEOPARK,JACANA ,TIG -TISE / TISE - TIE TR1,TIG-TISE20 Y TSE-TIE 20,43.654.134,-727.125.036,Poste,Concreto,Suspensión,Canadiense,1350,2990,,Ceramica (Aislador de suspensión),8,8,8,,No,,,,No,No,No,No,No,No,No,No,No,,No,,,No,Cable desnudo,Sí,1,Bueno,Herrajes,Sí
309,21/10/2025 9:01,GEOPARK,JACANA ,TIG -TISE / TISE - TIE TR1,TIG-TISE34 Y TSE-TIE06,,,,,,,,,,,,,,,Sí,,,,,,,,,,,,,,,,,,,,,,,
79,16/10/2025 14:04,GEOPARK ,TIGANA ,TGN-TSUR,T-TSE35,4.433.453,-7.267.729,Poste,Concreto,Retención (Corte),Triangular,1350,2990,Avifauna oxidado,Ceramica (Aislador de suspensión),4,4,4,,No,,,,No,No,No,No,No,No,No,No,No,,No,,,No,Cable desnudo,Cable de guarda,1,Bueno,,Sí
80,16/10/2025 14:09,GEOPARK,TIGANA ,TGN-TSUR,T-TSE34,4.433.414,-7.267.674,Poste,Concreto,Retención (Corte),Triangular,1350,2990,Avifauna oxidada y aisladores,Ceramica (Aislador de suspensión),4,4,4,,No,,,,No,No,No,No,No,No,No,No,No,,No,,,No,Cable desnudo,Cable de guarda,1,Bueno,,Sí
81,16/10/2025 14:13,GEOPARK,TIGANA ,TGN-TSUR,T-TSE33,4.433.622,-72.676.475,Poste,Concreto,Retención (Corte),Triangular,1350,2990,Avifauna deteriorada,Ceramica (Aislador de suspensión),4,4,4,,No,,,,No,No,Sí,No,No,No,No,No,No,,No,,,No,Cable desnudo,Cable de guarda,1,Bueno,,Sí
82,16/10/2025 14:17,GEOPARK,TIGANA ,TGN-TSUR,T-TSE32,4.434.134,-72.676.271,Poste,Concreto,Retención (Corte),Triangular,1350,2990,Avifauna oxidada y aisladores,Ceramica (Aislador de suspensión),4,4,4,,No,,,,No,No,No,No,No,No,No,No,No,,No,,,No,Cable desnudo,Cable de guarda,1,Bueno,,Sí
83,16/10/2025 14:23,GEOPARK,TIGANA ,TGN-TSUR,T-TSE31,4.434.598,-72.676.173,Poste,Concreto,Retención (Corte),Triangular,1350,2990,,Ceramica (Aislador de suspensión),4,4,4,,No,,,,No,No,No,No,No,No,No,No,No,,No,,,No,Cable desnudo,Cable de guarda,1,Bueno,,Sí
84,16/10/2025 14:26,GEOPARK,TIGANA ,TGN-TSUR,T-TSE30,4.435.137,-72.676.142,Poste,Concreto,Retención (Corte),Triangular,1350,2990,Avifauna deteriorada,Ceramica (Aislador de suspensión),4,4,4,,No,,,,No,No,No,No,No,No,No,No,No,,No,,,No,Cable desnudo,Cable de guarda,1,Bueno,,Sí
85,16/10/2025 14:31,GEOPARK,TIGANA ,TGN-TSUR,T-TSE29,4.435.621,-7.267.623,Poste,Concreto,Pórtico,,1050,2940,,Ceramica (Aislador de suspensión),4,4,4,,No,,,,No,No,No,No,No,No,No,No,No,,No,,,No,Cable desnudo,Cable de guarda,1,Bueno,,Sí
86,16/10/2025 14:36,GEOPARK,TIGANA ,TGN-TSUR,T-TSE28,4.436.101,-72.676.557,Poste,Concreto,Retención (Corte),Triangular,1350,2990,Avifauna oxidada y aisladores,Ceramica (Aislador de suspensión),4,4,4,,No,,,,No,No,No,No,No,No,No,No,No,,No,,,No,Cable desnudo,Cable de guarda,1,Bueno,,Sí
87,16/10/2025 14:41,GEOPARK,TIGANA ,TGN-TSUR,T-TSE27,4.436.624,-72.676.426,Poste,Concreto,Retención (Corte),Triangular,1350,2990,Avifauna oxidada y aisladores,Ceramica (Aislador de suspensión),4,4,4,,No,,,,No,No,No,No,No,No,No,No,No,,No,,,No,Cable desnudo,Cable de guarda,1,Bueno,,Sí
89,16/10/2025 14:50,GEOPARK,TIGANA ,TGN-TSUR,T-TSE25,443.826,-72.675.672,Poste,Concreto,Retención (Corte),Triangular,1350,2990,Avifauna oxidada y aisladores,Ceramica (Aislador de suspensión),4,4,4,,No,,,,No,No,Sí,No,No,No,No,No,No,,No,,,No,Cable desnudo,Cable de guarda,1,Bueno,,Sí
90,16/10/2025 14:57,GEOPARK,TIGANA ,TGN-TSUR,T-TSE24,4.438.969,-7.267.475,Poste,Concreto,Suspensión,Triangular,1050,2940,,Ceramica (Aislador de suspensión),4,4,4,,No,,,,No,No,No,No,No,No,No,No,No,,No,,,No,Cable desnudo,Cable de guarda,1,Bueno,,Sí
91,16/10/2025 15:00,GEOPARK,TIGANA ,TGN-TSUR,T-TSE23,4.439.576,-72.673.972,Poste,Concreto,Suspensión,Triangular,1050,2940,,Ceramica (Aislador de suspensión),4,4,4,,No,,,,No,No,No,No,No,No,No,No,No,,No,,,No,Cable desnudo,Cable de guarda,1,Bueno,,Sí
92,16/10/2025 15:08,GEOPARK,TIGANA ,TGN-TSUR,T-TSE22,4.440.128,-72.673.234,Poste,Concreto,Suspensión,Triangular,1050,2940,,Ceramica (Aislador de suspensión),4,4,4,,No,,,,No,No,No,No,No,No,No,No,No,,No,,,No,Cable desnudo,Cable de guarda,1,Bueno,,Sí
93,16/10/2025 15:14,GEOPARK,TIGANA ,TGN-TSUR,T-TSE21,4.440.712,-72.672.449,Poste,Concreto,Retención (Corte),Triangular,1350,2990,Sin avifauna y postes de 12 m soportando el poste de 16 m,Ceramica (Aislador de suspensión),4,4,4,,No,,,,No,No,No,No,No,No,No,No,No,,No,,,No,Cable desnudo,Cable de guarda,1,Bueno,,Sí
94,16/10/2025 15:16,GEOPARK,TIGANA ,TGN-TSUR,T-TSE20,4.440.642,-7.267.171,Poste,Concreto,Retención (Corte),Triangular,1350,2990,Avifauna oxidada y aisladores,Ceramica (Aislador de suspensión),4,4,4,,No,,,,No,No,No,No,No,No,No,No,No,,No,,,No,Cable desnudo,Cable de guarda,1,Bueno,,Sí
95,16/10/2025 15:43,GEOPARK,TIGANA ,TGN-TSUR,T-TSE19,444.119,-72.670.913,Poste,Concreto,Suspensión,Triangular,1350,2990,,Ceramica (Aislador de suspensión),4,4,4,,No,,,,No,No,No,No,No,No,No,No,No,,No,,,No,Cable desnudo,Cable de guarda,1,Bueno,,Sí
96,16/10/2025 15:46,GEOPARK,TIGANA ,TGN-TSUR,T-TSE18,4.441.782,-72.670.069,Poste,Concreto,Suspensión,Triangular,1350,2990,,Ceramica (Aislador de suspensión),4,4,4,,No,,,,No,No,No,No,No,No,No,No,No,,No,,,No,Cable desnudo,Cable de guarda,1,Bueno,,Sí
97,16/10/2025 15:54,GEOPARK,TIGANA ,TGN-TSUR,T-TSE17,4.442.418,-72.669.232,Poste,Concreto,Retención (Corte),Triangular,1350,2990,Panales en las 2 avifaunas,Ceramica (Aislador de suspensión),4,4,4,,No,,,,No,No,No,No,No,No,No,No,No,,No,,,No,Cable desnudo,Cable de guarda,1,Bueno,,Sí
98,16/10/2025 15:59,GEOPARK,TIGANA ,TGN-TSUR,T-TSE16,4.443.041,-72.668.394,Poste,Concreto,Suspensión,Triangular,1350,2990,,Ceramica (Aislador de suspensión),4,4,4,,No,,,,No,No,No,No,No,No,No,No,No,,No,,,No,Cable desnudo,Cable de guarda,1,Bueno,,Sí
99,16/10/2025 16:08,GEOPARK,TIGANA ,TGN-TSUR,T-TSE15,4.443.767,-72.667.378,Poste,Concreto,Retención (Corte),Triangular,1350,2990,Avifauna oxidada y aisladores,Ceramica (Aislador de suspensión),4,4,4,,No,,,,No,No,No,No,No,No,No,No,No,,No,,,No,Cable desnudo,Cable de guarda,1,Bueno,,Sí
235,19/10/2025 8:42,GEOPARK,JACANA ,JAC - TIG,JC-TI12,4.377.598,-72.722.625,Poste,Concreto,Retención (Corte),Triangular,1350,2990,Discos,Ceramica (Aislador de suspensión),8,12,8,,Sí,1,1,1,No,No,No,No,No,No,No,No,No,,No,,,No,Cable desnudo,Sí,1,Bueno,Herrajes,Sí
101,16/10/2025 16:25,GEOPARK,TIGANA ,TGN-TSUR,T-TSE13,4.443.987,-72.666.902,Poste,Concreto,Pullover (Cruce vertical),,1350,3410,Avifauna oxidada y aisladores,Ceramica (Aislador de suspensión),4,4,4,,No,,,,No,No,No,No,No,No,No,No,No,,No,,,No,Cable desnudo,Cable de guarda,1,Bueno,,Sí
102,16/10/2025 16:30,GEOPARK,TIGANA ,TGN-TSUR,T-TSE12,4.444.256,-72.666.056,Poste,Concreto,Retención (Corte),Canadiense,1350,3410,,Ceramica (Aislador de suspensión),4,4,4,,No,,,,No,No,No,No,No,No,No,No,No,,No,,,No,Cable desnudo,Cable de guarda,1,Bueno,,Sí
103,17/10/2025 7:47,GEOPARK,TIGANA ,TGN-TSUR,T-TSE11,4.444.479,-72.665.413,Poste,Concreto,Pullover (Cruce vertical),,1350,3000,Avifauna oxidada y aisladores,Ceramica (Aislador de suspensión),4,4,4,,No,,,,No,No,Sí,No,No,No,No,No,No,,No,,,No,Cable desnudo,Cable de guarda,1,Bueno,,Sí
104,17/10/2025 8:03,GEOPARK,TIGANA ,TGN-TSUR,T-TSE10,4.444.727,-72.664.654,Poste,Concreto,Suspensión,Vertical,1350,3000,,Ceramica (Aislador de suspensión),4,4,4,,No,,,,No,No,No,No,No,No,No,No,No,,No,,,No,Cable desnudo,Cable de guarda,1,Bueno,,Sí
105,17/10/2025 8:06,GEOPARK,TIGANA ,TGN-TSUR,T-TSE09,4.444.918,-72.663.981,Poste,Concreto,Pullover (Cruce vertical),,1350,3000,Avifauna oxidada y aisladores,Ceramica (Aislador de suspensión),4,4,4,,No,,,,No,No,Sí,No,No,No,No,No,No,,No,,,No,Cable desnudo,Cable de guarda,1,Bueno,,Sí
106,17/10/2025 8:10,GEOPARK,TIGANA ,TGN-TSUR,T-TSE08,4.445.122,-72.663.262,Poste,Concreto,Suspensión,Canadiense,1350,3000,,Ceramica (Aislador de suspensión),4,4,4,,No,,,,No,No,No,No,No,No,No,No,No,,No,,,No,Cable desnudo,Cable de guarda,1,Bueno,,Sí
107,17/10/2025 8:12,GEOPARK,TIGANA ,TGN-TSUR,T-TSE07,4.445.335,-72.662.547,Poste,Concreto,Suspensión,Canadiense,1350,3000,Avifauna oxidada y aisladores,Ceramica (Aislador de suspensión),4,4,4,,No,,,,No,No,No,No,No,No,No,No,No,,No,,,No,Cable desnudo,Cable de guarda,1,Bueno,,Sí
108,17/10/2025 8:17,GEOPARK,TIGANA ,TGN-TSUR,T-TSE06,4.445.371,-72.661.741,Poste,Concreto,Suspensión,Canadiense,1350,3000,,Ceramica (Aislador de suspensión),4,4,4,,No,,,,No,No,No,No,No,No,No,No,No,,No,,,No,Cable desnudo,Cable de guarda,1,Bueno,,Sí
109,17/10/2025 8:25,GEOPARK,TIGANA ,TGN-TSUR,T-TSE05,4.445.422,-72.660.914,Poste,Concreto,Pullover (Cruce vertical),,1350,3000,Avifauna oxidada y aisladores,Ceramica (Aislador de suspensión),4,4,4,,No,,,,No,No,No,No,No,No,No,No,No,,No,,,No,Cable desnudo,Cable de guarda,1,Bueno,,Sí
111,17/10/2025 8:39,GEOPARK,TIGANA ,TGN-TSUR,T-TSE04A,4.445.823,-7.266.063,Poste,Concreto,Retención (Corte),Doble circuito,1350,3000,Avifauna oxidada y aisladores,Ceramica (Aislador de suspensión),16,16,16,,No,,,,No,No,No,No,No,No,No,No,No,,No,,,No,Cable desnudo,Cable de guarda,1,Bueno,,Sí
113,17/10/2025 8:48,GEOPARK,TIGANA ,TGN-TSUR,T-TSE03A,4.446.003,-72.659.935,Poste,Concreto,Retención (Corte),Doble circuito,1050,4875,Sin avifauna,Ceramica (Aislador de suspensión),16,16,16,,No,,,,No,No,No,No,No,No,No,No,No,,No,,,No,Cable desnudo,Cable de guarda,1,Bueno,,Sí
114,17/10/2025 8:56,GEOPARK,TIGANA ,TGN-TSUR,T-TSE03,4.446.118,-72.659.287,Poste,Concreto,Pullover (Cruce vertical),,1050,4875,Avifauna oxidada y aisladores,Ceramica (Aislador de suspensión),4,4,4,,No,,,,No,No,Sí,No,No,No,No,No,No,,No,,,No,Cable desnudo,Cable de guarda,1,Bueno,,Sí
115,17/10/2025 9:10,GEOPARK,TIGANA ,TGN-TSUR,T-TSE02,4.445.969,-72.658.512,Poste,Concreto,Pullover (Cruce vertical),,1350,3000,Avifauna oxidada y aisladores,Ceramica (Aislador de suspensión),4,4,4,,No,,,,No,No,No,No,No,No,No,No,No,,No,,,No,Cable desnudo,Cable de guarda,1,Bueno,,Sí
116,17/10/2025 9:12,GEOPARK,TIGANA ,TGN-TSUR,T-TSE01,4.445.811,-72.658.495,Poste,Concreto,Pullover (Cruce vertical),,1350,3410,,Ceramica (Aislador de suspensión),4,4,4,,No,,,,No,No,Sí,No,No,No,No,No,No,,No,,,No,Cable desnudo,Cable de guarda,1,Bueno,,Sí
110,17/10/2025 8:35,GEOPARK,TIGANA ,TGN-TSUR,T-TSE04B,4.445.567,-72.660.798,Poste,Concreto,Retención (Corte),Doble circuito,1050,4875,Avifauna oxidada y aisladores,Ceramica (Aislador de suspensión),4,4,4,,No,,,,No,No,No,No,No,No,No,No,No,,No,,,No,Cable desnudo,Cable de guarda,1,Bueno,,Sí
88,16/10/2025 14:46,GEOPARK,TIGANA ,TGN-TSUR,T-TSE26,,,,,,,,,,,,,,,,,,,,,,,,,,,,,,,,,,,,,,
231,19/10/2025 8:27,GEOPARK,JACANA ,JAC - TIG,JC-TI16,4.374.645,-72.719.468,Poste,Concreto,Suspensión,Triangular,1350,2600,,Ceramica (Aislador de suspensión),4,4,4,,Sí,1,1,1,No,No,No,No,No,No,No,No,No,,No,,,No,Cable desnudo,Sí,1,Bueno,Herrajes,Sí
132,17/10/2025 15:33,GEOPARK,TIGANA ,TGN-TGB,T-TB02,4.446.141,-72.659.521,Poste,Concreto,Suspensión,H,1350,3000,,Ceramica (Aislador de suspensión),8,8,8,,No,,,,No,No,No,No,No,No,No,No,No,,No,,,No,Cable desnudo,Cable de guarda,2,Bueno,,Sí
134,17/10/2025 15:38,GEOPARK,TIGANA ,TGN-TGB,T-TB03,4.446.062,-7.266.006,Poste,Concreto,Suspensión,Triangular,1050,4875,,Ceramica (Aislador de suspensión),8,8,8,,No,,,,No,No,No,No,No,No,No,No,No,,No,,,No,Cable desnudo,Cable de guarda,1,Bueno,,Sí
135,17/10/2025 15:42,GEOPARK,TIGANA ,TGN-TGB,T-TB03A,44.460.167,-726.606.083,Poste,Concreto,Retención (Corte),Triangular,1050,4800,Avifauna oxidada y aisladores,Ceramica (Aislador de suspensión),16,16,16,,No,,,,No,No,No,No,No,No,No,No,No,,No,,,No,Cable desnudo,Cable de guarda,1,Bueno,,Sí
138,17/10/2025 15:59,GEOPARK,TIGANA ,TGN-TGB,T-TB05,4.445.628,-72.662.184,Poste,Concreto,Retención (Corte),Triangular,1350,3160,Avifauna oxidada y aisladores,Ceramica (Aislador de suspensión),4,4,4,,No,,,,No,No,No,No,No,No,No,No,No,,No,,,No,Cable desnudo,Cable de guarda,1,Bueno,,Sí
141,17/10/2025 16:08,GEOPARK,TIGANA ,TGN-TGB,T-TB06,4.445.408,-72.663.386,Poste,Concreto,Suspensión,Triangular,1350,3160,,Ceramica (Aislador de suspensión),4,4,4,,No,,,,No,No,No,No,No,No,No,No,No,,No,,,No,Cable desnudo,Cable de guarda,1,Bueno,,Sí
143,17/10/2025 16:14,GEOPARK,TIGANA ,TGN-TGB,T-TB07,4.445.234,-72.664.316,Poste,Concreto,Suspensión,Triangular,1350,3160,,Ceramica (Aislador de suspensión),4,4,4,,No,,,,No,No,No,No,No,No,No,No,No,,No,,,No,Cable desnudo,Cable de guarda,1,Bueno,,Sí
144,17/10/2025 16:18,GEOPARK,TIGANA ,TGN-TGB,T-TB08,4.445.065,-72.665.254,Poste,Concreto,Retención (Corte),Triangular,1350,3160,Avifauna oxidada y aisladores,Ceramica (Aislador de suspensión),4,4,4,,No,,,,No,No,No,No,No,No,No,No,No,,No,,,No,Cable desnudo,Cable de guarda,1,Bueno,,Sí
147,17/10/2025 16:33,GEOPARK,TIGANA ,TGN-TGB,T-TB09,4.444.628,-72.666.251,Poste,Concreto,Retención (Corte),Triangular,1350,3160,Avifauna oxidada y aisladores,Ceramica (Aislador de suspensión),4,4,4,,No,,,,No,No,No,No,No,No,No,No,No,,No,,,No,Cable desnudo,Cable de guarda,1,Bueno,,Sí
149,17/10/2025 16:41,GEOPARK,TIGANA ,TGN-TGB,T-TB10,4.444.252,-7.266.681,Poste,Concreto,Pullover (Cruce vertical),,1350,3160,Avifauna oxidada y aisladores,Ceramica (Aislador de suspensión),4,4,4,,No,,,,No,No,No,No,No,No,No,No,No,,No,,,No,Cable desnudo,Cable de guarda,1,Bueno,,Sí
227,19/10/2025 8:06,GEOPARK,JACANA ,JAC - TIG,JC-TI20,4.372.501,-72.718,Poste,Concreto,Suspensión,Triangular,1350,2990,Soporte tipo guitarra,Ceramica (Aislador de suspensión),8,12,8,,Sí,1,1,1,No,No,No,No,No,No,No,No,No,,No,,,No,Cable desnudo,Sí,1,Bueno,Herrajes,Sí
252,19/10/2025 10:05,GEOPARK,JACANA ,JAC - JCB,J-JB04,43.875.192,-727.236.068,Poste,Concreto,Retención (Corte),Triangular,1350,2990,,,,,,,Sí,1,1,1,Sí,No,No,No,No,No,No,No,No,,Sí,Premoldeados,IMC,No,Cable desnudo,Sí,1,Bueno,Herrajes,Sí
398,21/10/2025 14:31,GEOPARK ,TIGANA ,TGN-TGB,TB-TA27,4.460.489,-72.657.691,Poste,Concreto,Suspensión,Canadiense,1350,2990,,Ceramica (Aislador de suspensión),4,4,4,,No,,,,No,No,No,No,No,No,No,No,No,,Sí,Otro,IMC,Sí,Cable desnudo,Cable de guarda,1,Bueno,,Sí
397,21/10/2025 14:30,GEOPARK ,TIGANA ,TGN-TGB,TB-TA28,4.460.271,-72.657.543,Poste,Concreto,Suspensión,Canadiense,1350,2990,,Ceramica (Aislador de suspensión),4,4,4,,No,,,,No,No,No,No,No,No,No,No,No,,Sí,Otro,IMC,Sí,Cable desnudo,Cable de guarda,1,Bueno,,Sí
120,17/10/2025 9:51,GEOPARK ,TIGANA ,TGN-TGB,T-TB04,4.445.843,-72.661.146,Poste,Concreto,Retención (Corte),Otro,1050,4875,Avifauna y aisladores,Ceramica (Aislador de suspensión),4,4,4,,No,,,,No,No,No,No,No,No,No,No,No,,No,,,No,Cable desnudo,Cable de guarda,1,Bueno,,Sí
157,18/10/2025 8:31,GEOPARK ,TIGANA ,TGN-TGB,T-TB11,4.444.608,-72.667.154,Poste,Concreto,Retención (Corte),Canadiense,1350,2990,Avifauna y aisladores ,Ceramica (Aislador de suspensión),4,4,4,,No,,,,No,No,No,No,No,No,No,No,No,,No,,,No,Cable desnudo,Cable de guarda,1,Bueno,,Sí
159,18/10/2025 8:45,GEOPARK ,TIGANA ,TGN-TGB,T-TB12,4.445.164,-72.667.386,Poste,Concreto,Suspensión,Canadiense,1050,2940,,Ceramica (Aislador de suspensión),4,4,4,,No,,,,No,No,No,No,No,No,No,No,No,,No,,,No,Cable desnudo,Cable de guarda,1,Bueno,,Sí
161,18/10/2025 8:54,GEOPARK ,TIGANA ,TGN-TGB,T-TB13,4.445.695,-72.667.599,Poste,Concreto,Suspensión,Canadiense,1050,2940,,Ceramica (Aislador de suspensión),4,4,4,,No,,,,No,No,No,No,No,No,No,No,No,,No,,,No,Cable desnudo,Cable de guarda,1,Bueno,,Sí
233,19/10/2025 8:35,GEOPARK,JACANA ,JAC - TIG,JC-TI14,4.376.021,-72.720.943,Poste,Concreto,Suspensión,Triangular,1350,2990,,Ceramica (Aislador de suspensión),4,4,4,,No,,,,No,No,No,No,No,No,No,No,No,,No,,,No,Cable desnudo,Sí,1,Bueno,Herrajes,Sí
164,18/10/2025 9:29,GEOPARK ,TIGANA ,TGN-TGB,T-TB15,4.447.358,-72.667.722,Poste,Concreto,Suspensión,Canadiense,1350,2990,,Ceramica (Aislador de suspensión),4,4,4,,No,,,,No,No,No,No,No,No,No,No,No,,No,,,No,Cable desnudo,Cable de guarda,1,Bueno,,Sí
167,18/10/2025 9:48,GEOPARK ,TIGANA ,TGN-TGB,T-TB16,4.448.329,-72.667.501,Poste,Concreto,Suspensión,Canadiense,1350,2990,,Ceramica (Aislador de suspensión),4,4,4,,No,,,,No,No,No,No,No,No,No,No,No,,No,,,No,Cable desnudo,Cable de guarda,1,Bueno,,Sí
169,18/10/2025 10:34,GEOPARK ,TIGANA ,TGN-TGB,T-TB17,444.901,-72.667.408,Poste,Concreto,Pullover (Cruce vertical),,1350,2990,Avifauna y aisladores. 1 templete con una estructura tipo bandera. 1 avifauna oxidada ,Ceramica (Aislador de suspensión),4,4,4,,No,,,,No,No,Sí,No,No,No,No,No,No,3 Linepost ,No,,,No,Cable desnudo,Cable de guarda,1,Bueno,,Sí
171,18/10/2025 10:45,GEOPARK ,TIGANA ,TGN-TGB,T-TB18,4.449.688,-72.667.344,Poste,Concreto,Retención (Corte),Canadiense,1350,2990,1 Avifauna oxidada y aisladores ,Ceramica (Aislador de suspensión),4,4,4,,No,,,,No,No,No,No,No,No,No,No,No,,No,,,No,Cable desnudo,Cable de guarda,1,Bueno,,Sí
173,18/10/2025 10:51,GEOPARK ,TIGANA ,TGN-TGB,T-TB19,4.450.282,-72.667.503,Poste,Concreto,Retención (Corte),Canadiense,1350,2990,Avifauna oxidadas y aisladores. Un panal sobre un templete,Ceramica (Aislador de suspensión),4,4,4,,No,,,,No,No,No,No,No,No,No,No,No,,No,,,No,Cable desnudo,Cable de guarda,1,Bueno,,Sí
175,18/10/2025 11:01,GEOPARK ,TIGANA ,TGN-TGB,T-TB20,445.112,-72.667.989,Poste,Concreto,Retención (Corte),,1350,2990,Avifauna y aisladores ,Ceramica (Aislador de suspensión),4,4,4,,No,,,,No,No,No,No,No,No,No,No,No,,No,,,No,Cable desnudo,Cable de guarda,1,Bueno,,Sí
179,18/10/2025 11:32,GEOPARK ,TIGANA ,TGN-TGB,T-TB23,4.450.432,-72.670.221,Poste,Concreto,Pullover (Cruce vertical),,1350,2990,1 Avifauna oxidada y aisladores ,Ceramica (Aislador de suspensión),4,4,4,,No,,,,No,No,No,No,No,No,No,No,No,,No,,,No,Cable desnudo,Cable de guarda,1,Bueno,,Sí
180,18/10/2025 11:34,GEOPARK ,TIGANA ,TGN-TGB,T-TB24,4.450.786,-72.670.312,Poste,Concreto,Retención (Corte),Canadiense,1350,2990,Avifauna oxidada y aisladores ,Ceramica (Aislador de suspensión),4,4,4,,No,,,,No,No,No,No,No,No,No,No,No,,No,,,No,Cable desnudo,Cable de guarda,1,Bueno,,Sí
391,21/10/2025 14:04,GEOPARK ,TIGANA ,TGN-TGB,T-TA44,4.457.838,-72.660.115,Poste,Concreto,Pullover (Cruce vertical),,1350,2600,Avifauna y aisladores,Ceramica (Aislador de suspensión),4,4,4,,No,,,,No,No,No,No,No,No,No,No,No,,No,,,No,Cable desnudo,Cable de guarda,1,Bueno,,Sí
1,14/10/2025 14:06,GEOPARK,JACANA ,JAC - JCS,J-JS01,4.387.559,-72.725.014,Poste,Concreto,Terminal (Remate),Horizontal,1350,2990,,Ceramica (Aislador de suspensión),4,4,4,,Sí,1,1,1,Sí,No,No,No,No,No,No,No,No,Seccionador monopolar,Sí,Premoldeados,IMC,No,Cable desnudo,Sí,2,Bueno,Herrajes,Sí
356,21/10/2025 12:47,GEOPARK ,TIGANA ,TGN-TGB,TB-TA02,4.451.993,-72.670.087,Poste,Concreto,Retención (Corte),Canadiense,1050,2940,Avifauna y aisladores,Ceramica (Aislador de suspensión),4,4,4,,No,,,,No,No,No,No,No,No,No,No,No,,No,,,No,Cable desnudo,Cable de guarda,1,Bueno,,Sí
357,21/10/2025 12:52,GEOPARK ,TIGANA ,TGN-TGB,TB-TA03,4.452.123,-72.669.829,Poste,Concreto,Pullover (Cruce vertical),,1350,2600,Avifauna con presencia de vegetación y ambos tienen aisladores,Ceramica (Aislador de suspensión),4,4,4,,No,,,,No,No,No,No,No,No,No,No,No,,No,,,No,Cable desnudo,Cable de guarda,1,Bueno,,Sí
360,21/10/2025 12:58,GEOPARK ,TIGANA ,TGN-TGB,TB-TA05,4.453.567,-7.267.011,Poste,Concreto,Suspensión,Canadiense,1350,2600,,Ceramica (Aislador de suspensión),4,4,4,,No,,,,No,No,No,No,No,No,No,No,No,,No,,,No,Cable desnudo,Cable de guarda,1,Bueno,,Sí
361,21/10/2025 12:58,GEOPARK ,TIGANA ,TGN-TGB,TB-TA04,4.452.825,-72.670.005,Poste,Concreto,Retención (Corte),Canadiense,1050,2300,Avifauna y aisladores,Ceramica (Aislador de suspensión),4,4,4,,No,,,,No,No,No,No,No,No,No,No,No,,No,,,No,Cable desnudo,Cable de guarda,1,Bueno,,Sí
364,21/10/2025 13:05,GEOPARK ,TIGANA ,TGN-TGB,TB-TA06,4.454.487,-72.670.243,Poste,Concreto,Pullover (Cruce vertical),,1350,2600,Avifauns y aisladores,Ceramica (Aislador de suspensión),4,4,4,,No,,,,No,No,No,No,No,No,No,No,No,,No,,,No,Cable desnudo,Cable de guarda,1,Bueno,,Sí
365,21/10/2025 13:10,GEOPARK ,TIGANA ,TGN-TGB,TB-TA07,4.454.749,-72.670.045,Poste,Concreto,Pullover (Cruce vertical),,1350,2990,1 Avifauna oxidada y todos con aisladores,Ceramica (Aislador de suspensión),4,4,4,,No,,,,No,No,No,No,No,No,No,No,No,,No,,,No,Cable desnudo,Cable de guarda,1,Bueno,,Sí
367,21/10/2025 13:20,GEOPARK ,TIGANA ,TGN-TGB,TB-TA08,4.454.929,-72.669,Poste,Concreto,Suspensión,Canadiense,1350,2940,,Ceramica (Aislador de suspensión),4,4,4,,No,,,,No,No,No,No,No,No,No,No,No,,No,,,No,Cable desnudo,Cable de guarda,1,Bueno,,Sí
368,21/10/2025 13:25,GEOPARK ,TIGANA ,TGN-TGB,TB-TA09,4.455.002,-72.668.697,Poste,Concreto,Retención (Corte),Canadiense,1350,2990,Avifauna y aisladores,Ceramica (Aislador de suspensión),4,4,4,,No,,,,No,No,No,No,No,No,No,No,No,,No,,,No,Cable desnudo,Cable de guarda,1,Bueno,,Sí
373,21/10/2025 13:34,GEOPARK ,TIGANA ,TGN-TGB,TB-TA11,4.455.539,-72.666.844,Poste,Concreto,Retención (Corte),Canadiense,1050,2940,Avifauna y aisladores,Ceramica (Aislador de suspensión),4,4,4,,No,,,,No,No,No,No,No,No,No,No,No,,No,,,No,Cable desnudo,Cable de guarda,1,Bueno,,Sí
374,21/10/2025 13:36,GEOPARK ,TIGANA ,TGN-TGB,TB-TA12,4.455.808,-72.665.916,Poste,Concreto,Suspensión,Canadiense,1350,2990,,Ceramica (Aislador de suspensión),4,4,4,,No,,,,No,No,No,No,No,No,No,No,No,,No,,,No,Cable desnudo,Cable de guarda,1,Bueno,,Sí
377,21/10/2025 13:40,GEOPARK ,TIGANA ,TGN-TGB,TB-TA13,4.456.103,-72.664.999,Poste,Concreto,Suspensión,Canadiense,1050,2940,,Ceramica (Aislador de suspensión),4,4,4,,No,,,,No,No,No,No,No,No,No,No,No,,No,,,No,Cable desnudo,Cable de guarda,1,Bueno,,Sí
46,15/10/2025 15:23,GEOPARK,JACANA ,JCP - JCC TR1,JP-JCC08,4.385.206,-72.730.501,Poste,Concreto,Retención (Corte),Canadiense,1350,2300,Discos,Ceramica (Aislador de suspensión),8,8,8,,Sí,,,,No,No,No,No,No,No,No,No,No,,No,,,No,Cable desnudo,Sí,1,Bueno,Herrajes,Sí
381,21/10/2025 13:47,GEOPARK ,TIGANA ,TGN-TGB,TB-TA15,4.456.859,-72.663.419,Poste,Concreto,Suspensión,Canadiense,1350,2990,,Ceramica (Aislador de suspensión),4,4,4,,No,,,,No,No,No,No,No,No,No,No,No,,No,,,No,Cable desnudo,Cable de guarda,1,Bueno,,Sí
382,21/10/2025 13:50,GEOPARK ,TIGANA ,TGN-TGB,TB-TA16,4.457.384,-72.662.743,Poste,Concreto,Suspensión,Canadiense,1050,2940,,Ceramica (Aislador de suspensión),4,4,4,,No,,,,No,No,No,No,No,No,No,No,No,,No,,,No,Cable desnudo,Cable de guarda,1,Bueno,,Sí
385,21/10/2025 13:54,GEOPARK ,TIGANA ,TGN-TGB,TB-TA17,4.457.873,-72.662.101,Poste,Concreto,Retención (Corte),Canadiense,1350,2990,Avifauna y aisladores,Ceramica (Aislador de suspensión),4,4,4,,No,,,,No,No,No,No,No,No,No,No,No,,No,,,No,Cable desnudo,Cable de guarda,1,Bueno,,Sí
386,21/10/2025 13:57,GEOPARK ,TIGANA ,TGN-TGB,TB-TA18,4.458.173,-72.661.475,Poste,Concreto,Suspensión,Canadiense,1350,2990,,Ceramica (Aislador de suspensión),4,4,4,,No,,,,No,No,No,No,No,No,No,No,No,,No,,,No,Cable desnudo,Cable de guarda,1,Bueno,,Sí
388,21/10/2025 13:59,GEOPARK ,TIGANA ,TGN-TGB,TB-TA19,4.458.504,-72.660.826,Poste,Concreto,Suspensión,Canadiense,1050,2940,,Ceramica (Aislador de suspensión),4,4,4,,No,,,,No,No,No,No,No,No,No,Sí,Sí,,No,,,No,Cable desnudo,Cable de guarda,1,Bueno,,Sí
389,21/10/2025 14:01,GEOPARK ,TIGANA ,TGN-TGB,TB-TA20,4.458.721,-72.660.376,Poste,Concreto,Pullover (Cruce vertical),,1350,3410,,Ceramica (Aislador de suspensión),4,4,4,,No,,,,No,No,No,No,No,No,No,No,No,,No,,,No,Cable desnudo,Cable de guarda,1,Bueno,,Sí
396,21/10/2025 14:28,GEOPARK ,TIGANA ,TGN-TGB,TB-TA29,4.460.027,-72.657.392,Poste,Concreto,Pullover (Cruce vertical),,1350,2990,,Ceramica (Aislador de suspensión),4,4,4,,No,,,,No,No,No,No,No,No,No,No,No,,Sí,Otro,IMC,Sí,Cable desnudo,Cable de guarda,1,Bueno,,Sí
401,21/10/2025 14:35,GEOPARK ,TIGANA ,TGN-TGB,TB-TA24,4.460.285,-72.658.677,Poste,Concreto,Pullover (Cruce vertical),,1350,3410,Avifauna y aisladores,Ceramica (Aislador de suspensión),4,4,4,,No,,,,No,No,Sí,No,No,No,No,No,No,3 Linepost,No,,,No,Cable desnudo,Cable de guarda,1,Bueno,,Sí
402,21/10/2025 14:38,GEOPARK ,TIGANA ,TGN-TGB,TB-TA23,4.459.887,-72.659.381,Poste,Concreto,Pullover (Cruce vertical),,1350,3410,Avifauna y aisladores,Ceramica (Aislador de suspensión),4,4,4,,No,,,,No,No,Sí,No,No,No,No,No,No,3 Linepost,No,,,No,Cable desnudo,Cable de guarda,1,Bueno,,Sí
404,21/10/2025 14:47,GEOPARK ,TIGANA ,TGN-TGB,TB-TA21,4.458.999,-72.660.249,Poste,Concreto,Retención (Corte),Canadiense,1350,3410,Avifauna y aisladores,Ceramica (Aislador de suspensión),4,4,4,,No,,,,No,No,No,No,No,No,No,No,No,,No,,,No,Cable desnudo,Cable de guarda,1,Bueno,,Sí
395,21/10/2025 14:26,GEOPARK ,TIGANA ,TGN-TGB,TB-TA30,4.459.605,-72.657.119,Poste,Concreto,Pullover (Cruce vertical),,1350,2990,,Ceramica (Aislador de suspensión),4,4,4,,No,,,,No,No,No,No,No,No,No,No,No,,No,,,No,Cable desnudo,Cable de guarda,1,Bueno,,Sí
403,21/10/2025 14:43,GEOPARK ,TIGANA ,TGN-TGB,TB-TA22,4.459.451,-72.659.659,Poste,Concreto,Pullover (Cruce vertical),,1350,2990,Avifauna y aisladores,Ceramica (Aislador de suspensión),4,4,4,,No,,,,No,No,No,No,No,No,No,No,No,,No,,,No,Cable desnudo,Cable de guarda,1,Bueno,,Sí
112,17/10/2025 8:42,GEOPARK,TIGANA ,TGN-TGA,T-TA04A,4.445.928,-72.660.531,Poste,Concreto,Retención (Corte),Doble circuito,1050,4875,Avifauna oxidada y aisladores,Ceramica (Aislador de suspensión),16,16,16,,No,,,,No,No,No,No,No,No,No,No,No,,No,,,No,Cable desnudo,Cable de guarda,1,Bueno,,Sí
339,21/10/2025 10:42,GEOPARK ,TIGANA ,TGN-TGA,T-TA01,4.445.456,-72.658.579,Poste,Concreto,Pullover (Cruce vertical),,1350,2600,,Ceramica (Aislador de suspensión),4,4,4,,No,,,,No,No,No,No,No,No,No,Sí,Sí,,No,,,No,Cable desnudo,Cable de guarda,1,Bueno,,Sí
340,21/10/2025 10:48,GEOPARK ,TIGANA ,TGN-TGA,T-TA02,4.445.932,-72.658.562,Poste,Concreto,Pullover (Cruce vertical),,1350,3000,1 Templete sin avifauna y todos con aisladores,Ceramica (Aislador de suspensión),4,4,4,,No,,,,No,No,No,No,No,No,No,No,No,,No,,,No,Cable desnudo,Cable de guarda,1,Bueno,,Sí
341,21/10/2025 10:49,GEOPARK ,TIGANA ,TGN-TGA,T-TA03,4.446.062,-7.265.929,Poste,Concreto,Retención (Corte),Otro,1350,3000,2 Templetes en 1 avifauna y 1 Templete sin avifauna,,,,,,No,,,,,,,,,,,,,,,,,,,,,,,
346,21/10/2025 11:05,GEOPARK ,TIGANA ,TGN-TGA,T-TA06,4.445.311,-72.660.835,Poste,Concreto,Pullover (Cruce vertical),,1350,2600,Avifauna y aisladores,Ceramica (Aislador de suspensión),4,4,4,,No,,,,No,No,No,No,No,No,No,Sí,Sí,,No,,,No,Cable desnudo,Cable de guarda,1,Bueno,,Sí
347,21/10/2025 11:06,GEOPARK ,TIGANA ,TGN-TGA,T-TA07,4.445.249,-72.661.704,Poste,Concreto,Suspensión,Canadiense,1350,2600,,Ceramica (Aislador de suspensión),4,4,4,,No,,,,No,No,No,No,No,No,No,No,No,,No,,,No,Cable desnudo,Cable de guarda,1,Bueno,,Sí
348,21/10/2025 11:08,GEOPARK ,TIGANA ,TGN-TGA,T-TA08,4.445.191,-72.662.559,Poste,Concreto,Retención (Corte),Canadiense,1350,2600,Avifauna y aisladores,Ceramica (Aislador de suspensión),4,4,4,,No,,,,No,No,No,No,No,No,No,No,No,,No,,,No,Cable desnudo,Cable de guarda,1,Bueno,,Sí
349,21/10/2025 11:09,GEOPARK ,TIGANA ,TGN-TGA,T-TA09,4.444.954,-72.663.403,Poste,Concreto,Suspensión,Canadiense,1050,2300,,Ceramica (Aislador de suspensión),4,4,4,,No,,,,No,No,No,No,No,No,No,No,No,,No,,,No,Cable desnudo,Cable de guarda,1,Bueno,,Sí
350,21/10/2025 11:12,GEOPARK ,TIGANA ,TGN-TGA,T-TA10,4.444.703,-72.664.277,Poste,Concreto,Suspensión,Canadiense,1050,2300,,Ceramica (Aislador de suspensión),4,4,4,,No,,,,No,No,No,No,No,No,No,No,No,,No,,,No,Cable desnudo,Cable de guarda,1,Bueno,,Sí
351,21/10/2025 11:15,GEOPARK ,TIGANA ,TGN-TGA,T-TA11,4.444.446,-72.665.147,Poste,Concreto,Retención (Corte),Otro,1350,1950,Avifauna y aisladores,Ceramica (Aislador de suspensión),4,4,4,,No,,,,No,No,Sí,No,No,No,No,No,No,3 Linepost,No,,,No,Cable desnudo,Cable de guarda,1,Bueno,,Sí
352,21/10/2025 11:17,GEOPARK ,TIGANA ,TGN-TGA,T-TA12,4.444.176,-72.666.017,Poste,Concreto,Suspensión,Canadiense,1050,2300,,Ceramica (Aislador de suspensión),4,4,4,,No,,,,No,No,No,No,No,No,No,No,No,,No,,,No,Cable desnudo,Cable de guarda,1,Bueno,,Sí
353,21/10/2025 11:19,GEOPARK ,TIGANA ,TGN-TGA,T-TA13,4.443.848,-72.667.175,Poste,Concreto,Retención (Corte),Triangular,1350,3410,1 Avifauna con panal de avispas y todos los templetes con aisladores,Ceramica (Aislador de suspensión),4,4,4,,No,,,,No,No,Sí,No,No,No,No,No,No,1 Linepost,No,,,No,Cable desnudo,Cable de guarda,1,Bueno,,Sí
24,15/10/2025 9:06,GEOPARK ,JACANA,JAC - JCB,J-JB14,4.396.549,-72.722.466,Poste,Concreto,Suspensión,Triangular,1350,2990,,Ceramica (Aislador de suspensión),4,4,4,,No,,,,No,No,No,No,No,No,No,No,No,,No,,,No,Cable desnudo,Cable de guarda,1,Bueno,,Sí
158,18/10/2025 8:36,GEOPARK ,TIGANA ,TGN-TGA,T-TA15,4.444.434,-72.667.395,Poste,Concreto,Retención (Corte),Canadiense,1350,2600,Avifauna y aisladores ,Ceramica (Aislador de suspensión),4,4,4,,No,,,,No,No,No,No,No,No,No,No,No,,No,,,No,Cable desnudo,Cable de guarda,1,Bueno,,Sí
160,18/10/2025 8:49,GEOPARK ,TIGANA ,TGN-TGA,T-TA16,4.445.304,-72.667.703,Poste,Concreto,Suspensión,Canadiense,1050,2300,,Ceramica (Aislador de suspensión),4,4,4,,No,,,,No,No,No,No,No,No,No,No,No,,No,,,No,Cable desnudo,Cable de guarda,1,Bueno,,Sí
51,15/10/2025 15:54,GEOPARK,JACANA ,JCP - JCC TR1,JP-JCC13,4.382.697,-72.733.408,Poste,Concreto,Suspensión,Canadiense,1350,2300,,Ceramica (Aislador de suspensión),4,4,4,,Sí,1,1,1,No,No,No,No,No,No,No,No,No,,No,,,No,Cable desnudo,Sí,2,Bueno,Herrajes,Sí
165,18/10/2025 9:38,GEOPARK ,TIGANA ,TGN-TGA,T-TA18,4.447.603,-72.667.851,Poste,Concreto,Retención (Corte),Horizontal,1350,2990,,Ceramica (Aislador de suspensión),4,4,4,,No,,,,No,No,Sí,No,No,No,No,No,No,2 Linepost ,No,,,No,Cable desnudo,Cable de guarda,1,Bueno,,Sí
166,18/10/2025 9:44,GEOPARK ,TIGANA ,TGN-TGA,T-TA19,4.447.809,-72.667.573,Poste,Concreto,Retención (Corte),Horizontal,1350,2990,Avifauna y aislador ,Ceramica (Aislador de suspensión),4,4,4,,No,,,,No,No,No,No,No,No,No,No,No,,No,,,No,Cable desnudo,Cable de guarda,1,Bueno,,Sí
168,18/10/2025 10:29,GEOPARK ,TIGANA ,TGN-TGA,T-TA20,4.448.277,-72.666.904,Poste,Concreto,Pullover (Cruce vertical),,1350,2990,1 Avifauna con panal de avispas y aisladores ,Ceramica (Aislador de suspensión),4,4,4,,No,,,,No,No,No,No,No,No,No,No,No,,No,,,No,Cable desnudo,Cable de guarda,1,Bueno,,Sí
170,18/10/2025 10:43,GEOPARK ,TIGANA ,TGN-TGA,T-TA21,4.449.363,-72.667.132,Poste,Concreto,Suspensión,Canadiense,1350,2990,,Ceramica (Aislador de suspensión),4,4,4,,No,,,,No,No,No,No,No,No,No,No,No,,No,,,No,Cable desnudo,Cable de guarda,1,Bueno,,Sí
172,18/10/2025 10:48,GEOPARK ,TIGANA ,TGN-TGA,T-TA22,4.450.019,-72.667.323,Poste,Concreto,Retención (Corte),Canadiense,1350,2500,Avifauna y aisladores ,Ceramica (Aislador de suspensión),4,4,4,,No,,,,No,No,No,No,No,No,No,No,No,,No,,,No,Cable desnudo,Cable de guarda,1,Bueno,,Sí
174,18/10/2025 10:56,GEOPARK ,TIGANA ,TGN-TGA,T-TA23,4.450.716,-72.667.507,Poste,Concreto,Suspensión,Canadiense,1350,2990,,Ceramica (Aislador de suspensión),4,4,4,,No,,,,No,No,No,No,No,No,No,No,No,,No,,,No,Cable desnudo,Cable de guarda,1,Bueno,,Sí
176,18/10/2025 11:07,GEOPARK ,TIGANA ,TGN-TGA,T-TA24,4.451.365,-72.667.659,Poste,Concreto,Pullover (Cruce vertical),,1350,2990,Avifauna y aisladores. Poste de apoyo con su propio templete y con panal de avispas,Ceramica (Aislador de suspensión),4,4,4,,No,,,,No,No,No,No,No,No,No,No,No,,No,,,No,Cable desnudo,Cable de guarda,1,Bueno,,Sí
177,18/10/2025 11:09,GEOPARK ,TIGANA ,TGN-TGA,T-TA25,4.451.402,-72.667.778,Poste,Concreto,Retención (Corte),H,1350,2990,Avifauna y aisladores,Ceramica (Aislador de suspensión),4,4,4,,No,,,,No,No,No,No,No,No,No,No,No,,No,,,No,Cable desnudo,Cable de guarda,2,Bueno,,Sí
178,18/10/2025 11:20,GEOPARK ,TIGANA ,TGN-TGA,T-TA26,445.184,-72.669.215,Poste,Concreto,Retención (Corte),H,1350,3410,Avifauna y aisladores ,Ceramica (Aislador de suspensión),4,4,4,,No,,,,No,No,No,No,No,No,No,No,No,,No,,,No,Cable desnudo,Cable de guarda,2,Bueno,,Sí
358,21/10/2025 12:53,GEOPARK ,TIGANA ,TGN-TGA,T-TA27,4.452.124,-72.669.822,Poste,Concreto,Pullover (Cruce vertical),,1350,2600,Avifauna y aislador,Ceramica (Aislador de suspensión),4,4,4,,No,,,,No,No,No,No,No,No,No,No,No,,No,,,No,Cable desnudo,Cable de guarda,1,Bueno,,Sí
405,21/10/2025 15:06,GEOPARK ,TIGANA ,TGN-TGA,T-TA28,4.452.112,-72.669.573,Poste,Concreto,Pullover (Cruce vertical),,1350,2990,Avifauna oxidada y aisladores,Ceramica (Aislador de suspensión),4,4,4,,No,,,,No,No,No,No,No,No,No,No,No,,No,,,No,Cable desnudo,Cable de guarda,1,Bueno,,Sí
359,21/10/2025 12:56,GEOPARK ,TIGANA ,TGN-TGA,T-TA29,4.452.797,-72.669.742,Poste,Concreto,Suspensión,Canadiense,1050,2940,,Ceramica (Aislador de suspensión),4,4,4,,No,,,,No,No,No,No,No,No,No,No,No,,No,,,No,Cable desnudo,Cable de guarda,1,Bueno,,Sí
362,21/10/2025 13:01,GEOPARK ,TIGANA ,TGN-TGA,T-TA30,4.453.632,-72.669.945,Poste,Concreto,Retención (Corte),Canadiense,1350,2990,Avifauna y aisladores,Ceramica (Aislador de suspensión),4,4,4,,No,,,,No,No,No,No,No,No,No,No,No,,No,,,No,Cable desnudo,Cable de guarda,1,Bueno,,Sí
363,21/10/2025 13:04,GEOPARK ,TIGANA ,TGN-TGA,T-TA31,4.454.531,-72.669.992,Poste,Concreto,Pullover (Cruce vertical),,1350,2600,Avifauna y aisladores,Ceramica (Aislador de suspensión),4,4,4,,No,,,,No,No,No,No,No,No,No,No,No,,No,,,No,Cable desnudo,Cable de guarda,1,Bueno,,Sí
366,21/10/2025 13:13,GEOPARK ,TIGANA ,TGN-TGA,T-TA32,4.454.719,-72.669.074,Poste,Concreto,Suspensión,Canadiense,1050,2300,,Ceramica (Aislador de suspensión),4,4,4,,No,,,,No,No,No,No,No,No,No,No,No,,No,,,No,Cable desnudo,Cable de guarda,1,Bueno,,Sí
369,21/10/2025 13:26,GEOPARK ,TIGANA ,TGN-TGA,T-TA33,445.486,-72.668.647,Poste,Concreto,Retención (Corte),Canadiense,1050,2300,Avifauna y aisladores,Ceramica (Aislador de suspensión),4,4,4,,No,,,,No,No,No,No,No,No,No,No,No,,No,,,No,Cable desnudo,Cable de guarda,1,Bueno,,Sí
370,21/10/2025 13:27,GEOPARK ,TIGANA ,TGN-TGA,T-TA34,4.455.128,-7.266.773,Poste,Concreto,Suspensión,Canadiense,1350,2600,,Ceramica (Aislador de suspensión),4,4,4,,No,,,,No,No,No,No,No,No,No,No,No,,No,,,No,Cable desnudo,Cable de guarda,1,Bueno,,Sí
372,21/10/2025 13:33,GEOPARK ,TIGANA ,TGN-TGA,T-TA35,4.455.422,-72.666.775,Poste,Concreto,Retención (Corte),Canadiense,1050,2300,Avifauna y aisladores,Ceramica (Aislador de suspensión),4,4,4,,No,,,,No,No,No,No,No,No,No,No,No,,No,,,No,Cable desnudo,Cable de guarda,1,Bueno,,Sí
375,21/10/2025 13:37,GEOPARK ,TIGANA ,TGN-TGA,T-TA36,4.455.669,-72.665.871,Poste,Concreto,Suspensión,Canadiense,1350,2600,,Ceramica (Aislador de suspensión),4,4,4,,No,,,,No,No,No,No,No,No,No,No,No,,No,,,No,Cable desnudo,Cable de guarda,1,Bueno,,Sí
376,21/10/2025 13:38,GEOPARK ,TIGANA ,TGN-TGA,T-TA37,4.455.939,-72.664.933,Poste,Concreto,Suspensión,Canadiense,1050,2300,,Ceramica (Aislador de suspensión),4,4,4,,No,,,,No,No,No,No,No,No,No,No,No,,No,,,No,Cable desnudo,Cable de guarda,1,Bueno,,Sí
379,21/10/2025 13:44,GEOPARK ,TIGANA ,TGN-TGA,T-TA38,4.456.191,-72.664.006,Poste,Concreto,Retención (Corte),Otro,1350,2600,Avifauna y aisladores,Ceramica (Aislador de suspensión),4,4,4,,No,,,,No,No,Sí,No,No,No,No,No,No,3 Linepost,No,,,No,Cable desnudo,Cable de guarda,1,Bueno,,Sí
380,21/10/2025 13:45,GEOPARK ,TIGANA ,TGN-TGA,T-TA39,4.456.712,-72.663.334,Poste,Concreto,Suspensión,Canadiense,1350,2600,,Ceramica (Aislador de suspensión),4,4,4,,No,,,,No,No,No,No,No,No,No,No,No,,No,,,No,Cable desnudo,Cable de guarda,1,Bueno,,Sí
383,21/10/2025 13:51,GEOPARK ,TIGANA ,TGN-TGA,T-TA40,4.457.259,-72.662.641,Poste,Concreto,Suspensión,Canadiense,1350,2600,,Ceramica (Aislador de suspensión),4,4,4,,No,,,,No,No,No,No,No,No,No,No,No,,No,,,No,Cable desnudo,Cable de guarda,1,Bueno,,Sí
384,21/10/2025 13:52,GEOPARK ,TIGANA ,TGN-TGA,T-TA41,4.457.734,-72.662.024,Poste,Concreto,Retención (Corte),Canadiense,1050,2300,Avifauna y aisladores,Ceramica (Aislador de suspensión),4,4,4,,No,,,,No,No,No,No,No,No,No,No,No,,No,,,No,Cable desnudo,Cable de guarda,1,Bueno,,Sí
387,21/10/2025 13:58,GEOPARK ,TIGANA ,TGN-TGA,T-TA42,4.458.072,-72.661.326,Poste,Concreto,Suspensión,Canadiense,1050,2300,,Ceramica (Aislador de suspensión),4,4,4,,No,,,,No,No,No,No,No,No,No,No,No,,No,,,No,Cable desnudo,Cable de guarda,1,Bueno,,Sí
390,21/10/2025 14:03,GEOPARK ,TIGANA ,TGN-TGA,T-TA43,4.458.471,-72.660.534,Poste,Concreto,Pullover (Cruce vertical),,1350,2600,Avifauna y aisladores,Ceramica (Aislador de suspensión),4,4,4,,No,,,,No,No,No,No,No,No,No,No,No,,No,,,No,Cable desnudo,Cable de guarda,1,Bueno,,Sí
392,21/10/2025 14:09,GEOPARK ,TIGANA ,TGN-TGA,T-TA45,4.457.761,-72.659.721,Poste,Concreto,Pullover (Cruce vertical),,1350,2600,Avifauna y aisladores,Ceramica (Aislador de suspensión),4,4,4,,No,,,,No,No,No,No,No,No,No,No,No,,No,,,No,Cable desnudo,Cable de guarda,1,Bueno,,Sí
393,21/10/2025 14:12,GEOPARK ,TIGANA ,TGN-TGA,T-TA46,4.458.102,-72.659.194,Poste,Concreto,Suspensión,Canadiense,1050,2300,,Ceramica (Aislador de suspensión),4,4,4,,No,,,,No,No,No,No,No,No,No,No,No,,No,,,No,Cable desnudo,Cable de guarda,1,Bueno,,Sí
56,15/10/2025 16:18,GEOPARK,JACANA ,JCP - JCC TR1,JP-JCC18,437.898,-72.736.361,Poste,Concreto,Suspensión,Canadiense,1350,2300,,Ceramica (Aislador de suspensión),4,4,4,,Sí,1,1,1,No,No,No,No,No,No,No,No,No,,No,,,No,Cable desnudo,Sí,1,Bueno,Herrajes,Sí
335,21/10/2025 10:37,GEOPARK ,OTRO,TGN3,TGN3B-E01,4.444.922,-7.265.872,Poste,Concreto,Pullover (Cruce vertical),,1350,2990,Avifauna y aislador,Ceramica (Aislador de suspensión),4,4,4,,No,,,,No,No,No,No,No,No,No,No,No,,No,,,No,Cable desnudo,Cable de guarda,1,Bueno,,Sí
336,21/10/2025 10:38,GEOPARK ,OTRO,TGN3,TGN3B-E02,4.445.103,-72.658.761,Poste,Concreto,Retención (Corte),Otro,1350,2990,,Ceramica (Aislador de suspensión),4,4,4,,No,,,,No,No,Sí,No,No,No,No,No,No,3 Linepost,No,,,No,Cable desnudo,Cable de guarda,1,Bueno,,Sí
337,21/10/2025 10:40,GEOPARK ,OTRO,TGN3,TGN3B-E03,444.544,-72.658.675,Poste,Concreto,Retención (Corte),Otro,1050,2990,Avifauna y aislador,Ceramica (Aislador de suspensión),4,4,4,,No,,,,No,No,Sí,No,No,No,No,No,No,3 Linepost,No,,,No,Cable desnudo,Cable de guarda,1,Bueno,,Sí
338,21/10/2025 10:41,GEOPARK ,OTRO,TGN3,TGN3B-E04,4.445.648,-72.658.642,Poste,Concreto,Retención (Corte),Otro,1050,2940,Avifauna y aislador,Ceramica (Aislador de suspensión),4,4,4,,No,,,,No,No,Sí,No,No,No,No,No,No,3 Linepost,No,,,No,Cable desnudo,Cable de guarda,1,Bueno,,Sí
276,20/10/2025 13:09,GEOPARK ,TIGANA ,TGN - PDT,T-TUA78,44.064.904,-726.457.002,Poste,Concreto,Retención (Corte),Triangular,1350,2990,,Ceramica (Aislador de suspensión),4,4,4,,No,,,,No,No,No,No,No,No,No,No,No,,No,,,No,Cable desnudo,Cable de guarda,1,Bueno,,Sí
219,20/10/2025 7:24,GEOPARK ,TIGANA ,TGN - PDT,T-TUAE01,44.459.922,-726.575.074,Poste,Concreto,Retención (Corte),Derivación (Cruce doble remate),1050,2940,Avifauna y aisladores,Ceramica (Aislador de suspensión),4,4,4,,No,,,,No,No,No,No,No,No,No,No,No,,No,,,No,Cable desnudo,Cable de guarda,1,Bueno,,Sí
220,20/10/2025 7:26,GEOPARK ,TIGANA ,TGN - PDT,T-TUAE02,44.465.655,-726.571.711,Poste,Concreto,Suspensión,Triangular,1350,3160,,Ceramica (Aislador de suspensión),4,4,4,,No,,,,Sí,No,No,No,No,No,No,No,No,3 secionadores tipo fusible,No,,,No,Cable desnudo,Cable de guarda,1,Bueno,,Sí
221,20/10/2025 7:29,GEOPARK ,TIGANA ,TGN - PDT,T-TUAE03,4.446.715,-726.563.538,Poste,Concreto,Retención (Corte),Triangular,1350,3160,Avifauna oxidada y aisladores,Ceramica (Aislador de suspensión),4,4,4,,No,,,,No,No,No,No,No,No,No,No,No,,No,,,No,Cable desnudo,Cable de guarda,1,Bueno,,Sí
222,20/10/2025 7:31,GEOPARK ,TIGANA ,TGN - PDT,T-TUAE04,44.468.302,-726.555.955,Poste,Concreto,Suspensión,Triangular,1350,4194,,Ceramica (Aislador de suspensión),4,4,4,,No,,,,No,No,No,No,No,No,No,No,No,,No,,,No,Cable desnudo,Cable de guarda,1,Bueno,,Sí
124,16/10/2025 12:10,GEOPARK,JACANA ,JCS - JCE,JS-JE07,437.534,-72.737.472,Poste,Concreto,Suspensión,Canadiense,1350,2990,,Ceramica (Aislador de suspensión),4,4,4,,Sí,1,1,1,No,No,No,No,No,No,No,No,No,,No,,,No,Cable desnudo,Sí,1,Bueno,Herrajes,Sí
224,20/10/2025 7:38,GEOPARK ,TIGANA ,TGN - PDT,T-TUAE06,44.473.353,-726.532.069,Poste,Concreto,Retención (Corte),Triangular,1350,2990,Avifauna oxidada y aisladores,Ceramica (Aislador de suspensión),4,4,4,,No,,,,No,No,No,No,No,No,No,No,No,,No,,,No,Cable desnudo,Cable de guarda,1,Bueno,,Sí
225,20/10/2025 7:44,GEOPARK ,TIGANA ,TGN - PDT,T-TUAE07,44.474.777,-726.525.638,Poste,Concreto,Suspensión,Triangular,1350,4194,,Ceramica (Aislador de suspensión),4,4,4,Sí,Sí,,,,No,No,No,No,No,No,No,No,No,Spark Gap,No,,,No,Cable desnudo,Cable de Guarda y Spark Gap,2,Bueno,,Sí
226,20/10/2025 7:46,GEOPARK ,TIGANA ,TGN - PDT,T-TUAE08,44.477.138,-726.518.315,Poste,Concreto,Pullover (Cruce vertical),,1350,3160,Avifauna oxidada y aisladores,Ceramica (Aislador de suspensión),4,4,4,,No,,,,No,No,No,No,No,No,No,No,No,,No,,,No,Cable desnudo,Cable de guarda,1,Bueno,,Sí
227,20/10/2025 7:49,GEOPARK ,TIGANA ,TGN - PDT,T-TUAE09,44.471.834,-726.505.764,Poste,Concreto,Suspensión,Triangular,1350,2990,,Ceramica (Aislador de suspensión),4,4,4,,No,,,,No,No,No,No,No,No,No,No,No,,No,,,No,Cable desnudo,Cable de guarda,1,Bueno,,Sí
228,20/10/2025 7:52,GEOPARK ,TIGANA ,TGN - PDT,T-TUAE10,44.467.805,-726.496.177,Poste,Concreto,Retención (Corte),Triangular,1050,2940,Avifauna oxidada y aislamiento,Ceramica (Aislador de suspensión),4,4,4,,No,,,,No,No,No,No,No,No,No,No,No,,No,,,No,Cable desnudo,Cable de guarda,1,Bueno,,Sí
229,20/10/2025 7:55,GEOPARK ,TIGANA ,TGN - PDT,T-TUAE11,44.468.749,-726.486.422,Poste,Concreto,Suspensión,Triangular,1050,2940,,Ceramica (Aislador de suspensión),4,4,4,,No,,,,No,No,No,No,No,No,No,No,No,,No,,,No,Cable desnudo,Cable de guarda,1,Bueno,,Sí
230,20/10/2025 7:59,GEOPARK ,TIGANA ,TGN - PDT,T-TUAE12,4.446.999,-726.475.532,Poste,Concreto,Suspensión,Triangular,1050,2940,,Ceramica (Aislador de suspensión),4,4,4,,No,,,,No,No,No,No,No,No,No,No,No,,No,,,No,Cable desnudo,Cable de guarda,1,Bueno,,Sí
231,20/10/2025 8:02,GEOPARK ,TIGANA ,TGN - PDT,T-TUAE13,44.471.407,-726.465.376,Poste,Concreto,Retención (Corte),Triangular,1350,2990,Avifauna oxidada y aisladores,Ceramica (Aislador de suspensión),4,4,4,,No,,,,No,No,No,No,No,No,No,No,No,,No,,,No,Cable desnudo,Cable de guarda,1,Bueno,,Sí
13,14/10/2025 16:15,GEOPARK ,JACANA,JAC - JCS,J-JS14,43.854.333,-727.304.041,Poste,Concreto,Retención (Corte),Triangular,1350,2990,Con aisladores y avifauna ,Ceramica (Aislador de suspensión),4,4,4,,No,,,,No,No,No,No,No,No,No,No,No,,No,,,No,Cable desnudo,Cable de guarda,1,Bueno,,Sí
233,20/10/2025 8:07,GEOPARK ,TIGANA ,TGN - PDT,T-TUAE15,44.472.643,-726.444.845,Poste,Concreto,Suspensión,Triangular,1050,2940,,Ceramica (Aislador de suspensión),4,4,4,,No,,,,No,No,No,No,No,No,No,No,No,,No,,,No,Cable desnudo,Cable de guarda,1,Bueno,,Sí
234,20/10/2025 8:10,GEOPARK ,TIGANA ,TGN - PDT,T-TUAE16,44.473.994,-726.433.946,Poste,Concreto,Pullover (Cruce vertical),,1850,2990,Avifaunas oxidadas y aisladores,Ceramica (Aislador de suspensión),4,4,4,,No,,,,No,No,No,No,No,No,No,No,No,,No,,,No,Cable desnudo,Cable de guarda,1,Bueno,,Sí
235,20/10/2025 8:14,GEOPARK ,TIGANA ,TGN - PDT,T-TUAE17,44.467.227,-726.433.081,Poste,Concreto,Suspensión,Triangular,1850,2990,,Ceramica (Aislador de suspensión),4,4,4,Sí,Sí,,,,No,No,No,No,No,No,No,No,No,Spark Gap,No,,,No,Cable desnudo,Cable de guarda,1,Bueno,,Sí
236,20/10/2025 8:16,GEOPARK ,TIGANA ,TGN - PDT,T-TUAE18,44.459.055,-726.432.276,Poste,Concreto,Retención (Corte),Triangular,1350,2990,2 Avifaunas oxidadas y aisladores,Ceramica (Aislador de suspensión),4,4,4,,No,,,,No,No,Sí,No,No,No,No,No,No,,No,,,No,Cable desnudo,Cable de guarda,1,Bueno,,Sí
237,20/10/2025 8:19,GEOPARK ,TIGANA ,TGN - PDT,T-TUAE19,44.449.326,-726.432.168,Poste,Concreto,Suspensión,Triangular,1350,2990,,Ceramica (Aislador de suspensión),4,4,4,,No,,,,No,No,No,No,No,No,No,No,No,,No,,,No,Cable desnudo,Cable de guarda,1,Bueno,,Sí
238,20/10/2025 8:23,GEOPARK ,TIGANA ,TGN - PDT,T-TUAE20,44.442.195,-726.432.318,Poste,Concreto,Retención (Corte),Triangular,1350,2990,Avifauna oxidada y aislador,Ceramica (Aislador de suspensión),4,4,4,,No,,,,No,No,No,No,No,No,No,No,No,,No,,,No,Cable desnudo,Cable de guarda,1,Bueno,,Sí
239,20/10/2025 8:26,GEOPARK ,TIGANA ,TGN - PDT,T-TUAE21 Y T-TUAE22,44.439.852,-726.433.067,Poste,Concreto,Retención (Corte),H,1050,2940,,,,,,,Sí,,,,,,,,,,,,,,,,,,,,,,,
240,20/10/2025 8:29,GEOPARK ,TIGANA ,TGN - PDT,T-TUAE23,44.437.723,-726.432.433,Poste,Concreto,Retención (Corte),Triangular,1350,2990,Avifauna con panal de avispas y aislador,Ceramica (Aislador de suspensión),4,4,4,,No,,,,No,No,No,No,No,No,No,No,No,,No,,,No,Cable desnudo,Cable de guarda,1,Bueno,,Sí
241,20/10/2025 8:32,GEOPARK ,TIGANA ,TGN - PDT,T-TUAE24,44.432.955,-72.643.282,Poste,Concreto,Retención (Corte),Triangular,1350,2990,Avifauna oxidada y aislador con panal de avispas,Ceramica (Aislador de suspensión),4,4,4,,No,,,,No,No,No,No,No,No,No,No,No,,No,,,No,Cable desnudo,Cable de guarda,1,Bueno,,Sí
242,20/10/2025 8:35,GEOPARK ,TIGANA ,TGN - PDT,T-TUAE25,44.422.628,-726.431.207,Poste,Concreto,Suspensión,Triangular,1350,2990,,Ceramica (Aislador de suspensión),4,4,4,,No,,,,No,No,No,No,No,No,No,No,No,,No,,,No,Cable desnudo,Cable de guarda,1,Bueno,,Sí
243,20/10/2025 8:40,GEOPARK ,TIGANA ,TGN - PDT,T-TUAE26,444.126,-726.429.889,Poste,Concreto,Retención (Corte),Triangular,1050,2400,Avifauna oxidada y aisladores,Ceramica (Aislador de suspensión),4,4,4,,No,,,,No,No,No,No,No,No,No,No,No,,No,,,No,Cable desnudo,Cable de guarda,1,Bueno,,Sí
244,20/10/2025 8:45,GEOPARK ,TIGANA ,TGN - PDT,T-TUAE27,44.401.906,-7.264.293,Poste,Concreto,Suspensión,Triangular,1350,2990,,Ceramica (Aislador de suspensión),4,4,4,,No,,,,No,No,No,No,No,No,No,No,No,,No,,,No,Cable desnudo,Cable de guarda,1,Bueno,,Sí
245,20/10/2025 8:53,GEOPARK ,TIGANA ,TGN - PDT,T-TUAE28,44.391.884,-726.428.229,Poste,Concreto,Suspensión,Triangular,1050,2400,,Ceramica (Aislador de suspensión),4,4,4,,No,,,,No,No,No,No,No,No,No,No,No,,No,,,No,Cable desnudo,Cable de guarda,1,Bueno,,Sí
247,20/10/2025 9:04,GEOPARK ,TIGANA ,TGN - PDT,T-TUAE29,44.381.594,-7.264.271,Poste,Concreto,Retención (Corte),Triangular,1350,2990,Avifaunas oxidadas y aisladores,Ceramica (Aislador de suspensión),4,4,4,,No,,,,No,No,No,No,No,No,No,No,No,,No,,,No,Cable desnudo,Cable de guarda,2,Bueno,,Sí
246,20/10/2025 9:04,GEOPARK ,TIGANA ,TGN - PDT,T-TUAE30,4.437.078,-726.425.165,Poste,Concreto,Suspensión,Triangular,1050,2400,,Ceramica (Aislador de suspensión),4,4,4,,No,,,,No,No,No,No,No,No,No,No,No,,No,,,No,Cable desnudo,Cable de guarda,1,Bueno,,Sí
248,20/10/2025 9:10,GEOPARK ,TIGANA ,TGN - PDT,T-TUAE31,44.360.901,-726.424.995,Poste,Concreto,Suspensión,Triangular,1050,2940,,Ceramica (Aislador de suspensión),4,4,4,,No,,,,No,No,No,No,No,No,No,No,No,,No,,,No,Cable desnudo,Cable de guarda,1,Bueno,,Sí
249,20/10/2025 9:14,GEOPARK ,TIGANA ,TGN - PDT,T-TUAE32,4.435.101,-72.642.363,Poste,Concreto,Retención (Corte),Triangular,1350,2990,Avifiauna oxidada y aislador,Ceramica (Aislador de suspensión),4,4,4,,No,,,,No,No,No,No,No,No,No,No,No,,No,,,No,Cable desnudo,Cable de guarda,1,Bueno,,Sí
250,20/10/2025 9:17,GEOPARK ,TIGANA ,TGN - PDT,T-TUAE33,44.345.082,-726.423.029,Poste,Concreto,Retención (Corte),Triangular,1050,2990,Avifauna y aislador,Ceramica (Aislador de suspensión),4,4,4,,No,,,,No,No,Sí,No,No,No,No,Sí,Sí,,No,,,No,Cable desnudo,Cable de guarda,1,Bueno,,Sí
251,20/10/2025 10:01,GEOPARK ,TIGANA ,TGN - PDT,T-TUAE34,44.332.789,-726.421.076,Poste,Concreto,Retención (Corte),Triangular,1350,2990,Avifaunas oxidadas,,,,,,,,,,,,,,,,,,,,,,,,,,,,,
252,20/10/2025 10:04,GEOPARK ,TIGANA ,TGN - PDT,T-TUAE35,44.326.036,-726.413.347,Poste,Concreto,Suspensión,Triangular,1050,2940,,Ceramica (Aislador de suspensión),4,4,4,,No,,,,No,No,No,No,No,No,No,No,No,,No,,,No,Cable desnudo,Cable de guarda,1,Bueno,,Sí
253,20/10/2025 10:06,GEOPARK ,TIGANA ,TGN - PDT,T-TUAE36,44.318.976,-726.405.026,Poste,Concreto,Suspensión,Triangular,1050,2940,,Ceramica (Aislador de suspensión),4,4,4,,No,,,,No,No,No,No,No,No,No,No,No,,No,,,No,Cable desnudo,Cable de guarda,1,Bueno,,Sí
254,20/10/2025 10:08,GEOPARK ,TIGANA ,TGN - PDT,T-TUAE37,44.311.375,-726.397.686,Poste,Concreto,Retención (Corte),Triangular,1350,2990,1 Templete caÃ­do con su avifauna,,,,,,,,,,,,,,,,,,,,,,,,,,,,,
255,20/10/2025 10:10,GEOPARK ,TIGANA ,TGN - PDT,T-TUAE38,4.430.388,-726.389.726,Poste,Concreto,Suspensión,Triangular,1050,2940,,Ceramica (Aislador de suspensión),4,4,4,Sí,Sí,,,,No,No,No,No,No,No,No,No,No,Spark Gap,No,,,No,Cable desnudo,Cable de Guarda y Spark Gap,2,Bueno,,Sí
256,20/10/2025 10:16,GEOPARK ,TIGANA ,TGN - PDT,T-TUAE39,44.296.303,-726.381.045,Poste,Concreto,Suspensión,Triangular,1050,2940,,Ceramica (Aislador de suspensión),4,4,4,,No,,,,No,No,No,No,No,No,No,Sí,Sí,,No,,,No,Cable desnudo,Cable de guarda,1,Bueno,,Sí
257,20/10/2025 10:19,GEOPARK ,TIGANA ,TGN - PDT,T-TUAE40,44.288.789,-726.373.692,Poste,Concreto,Retención (Corte),Triangular,1350,2990,Avifaunas oxidadas con panales de avispas y aisladores,Ceramica (Aislador de suspensión),4,4,4,,No,,,,No,No,No,No,No,No,No,No,No,,No,,,No,Cable desnudo,Cable de guarda,1,Bueno,,Sí
258,20/10/2025 10:21,GEOPARK ,TIGANA ,TGN - PDT,T-TUAE41,44.281.115,-726.364.668,Poste,Concreto,Retención (Corte),Triangular,1050,2940,Avifauna y aislador,Ceramica (Aislador de suspensión),4,4,4,,No,,,,No,No,No,No,No,No,No,No,No,Panel solar y tablero,No,,,No,Cable desnudo,Cable de guarda,1,Bueno,,Sí
113,16/10/2025 11:30,GEOPARK,JACANA ,JCS - JCE,JS-JE13,4.371.361,-72.738.944,Poste,Concreto,Suspensión,Canadiense,1050,2300,,Ceramica (Aislador de suspensión),4,4,4,,Sí,1,1,1,No,No,No,No,No,No,No,No,No,,No,,,No,Cable desnudo,Sí,1,Bueno,Herrajes,Sí
260,20/10/2025 10:26,GEOPARK ,TIGANA ,TGN - PDT,T-TUAE44,44.277.888,-726.361.183,Poste,Concreto,Retención (Corte),Triangular,1350,2940,Avifauna y aislador,Ceramica (Aislador de suspensión),4,4,4,,No,,,,No,No,No,No,No,No,No,No,No,,No,,,No,Cable desnudo,Cable de guarda,1,Bueno,,Sí
261,20/10/2025 10:30,GEOPARK ,TIGANA ,TGN - PDT,T-TUAE45,44.273.186,-726.356.635,Poste,Concreto,Suspensión,Triangular,1350,2990,,Ceramica (Aislador de suspensión),4,4,4,,No,,,,No,No,No,No,No,No,No,No,No,,No,,,No,Cable desnudo,Cable de guarda,1,Bueno,,Sí
262,20/10/2025 10:33,GEOPARK ,TIGANA ,TGN - PDT,T-TUAE46,44.265.574,-726.349.167,Poste,Concreto,Retención (Corte),Triangular,1350,2990,Aviffauna oxidada y aisladores,Ceramica (Aislador de suspensión),4,4,4,,No,,,,No,No,No,No,No,No,No,No,No,,No,,,No,Cable desnudo,Cable de guarda,1,Bueno,,Sí
263,20/10/2025 10:36,GEOPARK ,TIGANA ,TGN - PDT,T-TUAE47,44.258.756,-726.340.699,Poste,Concreto,Suspensión,Triangular,1050,2400,,Ceramica (Aislador de suspensión),4,4,4,,No,,,,No,No,No,No,No,No,No,No,No,,No,,,No,Cable desnudo,Cable de guarda,1,Bueno,,Sí
264,20/10/2025 10:39,GEOPARK ,TIGANA ,TGN - PDT,T-TUAE48,4.425.106,-726.332.983,Poste,Concreto,Suspensión,Triangular,1050,2940,,Ceramica (Aislador de suspensión),4,4,4,,No,,,,No,No,No,No,No,No,No,No,No,,No,,,No,Cable desnudo,Cable de guarda,1,Bueno,,Sí
265,20/10/2025 10:41,GEOPARK ,TIGANA ,TGN - PDT,T-TUAE49,4.424.369,-726.324.956,Poste,Concreto,Retención (Corte),Triangular,1350,2990,Avifauna oxidada y aisladores,Ceramica (Aislador de suspensión),4,4,4,Sí,Sí,,,,No,No,No,No,No,No,No,No,No,,No,,,No,Cable desnudo,Cable de guarda,1,Bueno,,Sí
266,20/10/2025 10:45,GEOPARK ,TIGANA ,TGN - PDT,T-TUAE50,44.235.449,-726.316.767,Poste,Concreto,Suspensión,Triangular,1050,2400,,Ceramica (Aislador de suspensión),4,4,4,,No,,,,No,No,No,No,No,No,No,No,No,,No,,,No,Cable desnudo,Cable de guarda,1,Bueno,,Sí
267,20/10/2025 10:46,GEOPARK ,TIGANA ,TGN - PDT,T-TUAE51,44.227.745,-72.630.806,Poste,Concreto,Suspensión,Triangular,1050,2400,,Ceramica (Aislador de suspensión),4,4,4,,No,,,,No,No,No,No,No,No,No,No,No,,No,,,No,Cable desnudo,Cable de guarda,1,Bueno,,Sí
268,20/10/2025 10:48,GEOPARK ,TIGANA ,TGN - PDT,T-TUAE52,4.421.953,-726.300.066,Poste,Concreto,Retención (Corte),,1350,2940,Avifauna oxidada y aisladores,Ceramica (Aislador de suspensión),4,4,4,,No,,,,No,No,No,No,No,No,No,No,No,,No,,,No,Cable desnudo,Cable de guarda,1,Bueno,,Sí
269,20/10/2025 10:50,GEOPARK ,TIGANA ,TGN - PDT,T-TUAE53,44.209.707,-726.302.914,Poste,Concreto,Suspensión,Triangular,1050,2940,,Ceramica (Aislador de suspensión),4,4,4,,No,,,,No,No,No,No,No,No,No,No,No,,No,,,No,Cable desnudo,Cable de guarda,1,Bueno,,Sí
271,20/10/2025 10:55,GEOPARK ,TIGANA ,TGN - PDT,T-TUAE55,44.193.912,-726.306.267,Poste,Concreto,Retención (Corte),Triangular,1050,2940,,Ceramica (Aislador de suspensión),4,4,4,,No,,,,No,No,No,No,No,No,No,No,No,,No,,,No,Cable desnudo,Cable de guarda,1,Bueno,,Sí
272,20/10/2025 10:58,GEOPARK ,TIGANA ,TGN - PDT,T-TUAE56,44.188.541,-726.308.072,Poste,Concreto,Retención (Corte),Triangular,1350,2990,Avifauna rota y la otra oxidada,,,,,,,,,,,,,,,,,,,,,,,,,,,,,
273,20/10/2025 11:13,GEOPARK ,TIGANA ,TGN - PDT,T-TUAE57,44.181.979,-726.318.125,Poste,Concreto,Suspensión,Triangular,1050,2940,,Ceramica (Aislador de suspensión),4,4,4,,No,,,,No,No,No,No,No,No,No,No,No,,No,,,No,Cable desnudo,Cable de guarda,1,Bueno,,Sí
274,20/10/2025 11:16,GEOPARK ,TIGANA ,TGN - PDT,T-TUAE58,44.174.498,-726.326.234,Poste,Concreto,Retención (Corte),Triangular,1350,2990,Avifauna oxidada y aisladores,Ceramica (Aislador de suspensión),4,4,4,Sí,Sí,,,,No,No,No,No,No,No,No,No,No,Spark Gap,No,,,No,Cable desnudo,Cable de guarda,1,Bueno,,Sí
295,20/10/2025 13:56,GEOPARK ,TIGANA ,TGN - PDT,T-TUAE59,44.167.753,-726.332.586,Poste,Concreto,Suspensión,Triangular,1050,2940,,Ceramica (Aislador de suspensión),4,4,4,,No,,,,No,No,No,No,No,No,No,No,No,,No,,,No,Cable desnudo,Cable de guarda,1,Bueno,,Sí
294,20/10/2025 13:54,GEOPARK ,TIGANA ,TGN - PDT,T-TUAE60,4.416.088,-726.339.661,Poste,Concreto,Suspensión,Triangular,1050,2940,,Ceramica (Aislador de suspensión),4,4,4,,No,,,,No,No,No,No,No,No,No,No,No,,No,,,No,Cable desnudo,Cable de guarda,1,Bueno,,Sí
293,20/10/2025 13:53,GEOPARK ,TIGANA ,TGN - PDT,T-TUAE61,44.153.643,-726.346.702,Poste,Concreto,Retención (Corte),Triangular,1350,2990,Avifaunas oxidadas y aislamientos,Ceramica (Aislador de suspensión),4,4,4,,No,,,,No,No,No,No,No,No,No,No,No,,No,,,No,Cable desnudo,Cable de guarda,1,Bueno,,Sí
292,20/10/2025 13:50,GEOPARK ,TIGANA ,TGN - PDT,T-TUAE62,44.146.695,-726.353.291,Poste,Concreto,Retención (Corte),Triangular,1050,2940,Avifauna oxidada y aislador,Ceramica (Aislador de suspensión),4,4,4,,No,,,,No,No,No,No,No,No,No,No,No,,No,,,No,Cable desnudo,Cable de guarda,1,Bueno,,Sí
291,20/10/2025 13:48,GEOPARK ,TIGANA ,TGN - PDT,T-TUAE63,44.142.526,-726.357.064,Poste,Concreto,Retención (Corte),Triangular,1350,2990,Avifauna oxidada y aislador,Ceramica (Aislador de suspensión),4,4,4,,No,,,,No,No,No,No,No,No,No,No,No,,No,,,No,Cable desnudo,Cable de guarda,1,Bueno,,Sí
290,20/10/2025 13:46,GEOPARK ,TIGANA ,TGN - PDT,T-TUAE64,44.136.806,-726.365.291,Poste,Concreto,Suspensión,Triangular,1050,2940,,Ceramica (Aislador de suspensión),4,4,4,,No,,,,No,No,No,No,No,No,No,No,No,,No,,,No,Cable desnudo,Cable de guarda,1,Bueno,,Sí
289,20/10/2025 13:44,GEOPARK ,TIGANA ,TGN - PDT,T-TUAE65,44.133.336,-726.368.812,Poste,Concreto,Retención (Corte),Triangular,1050,2940,Avifauna oxidada y aisladores,Ceramica (Aislador de suspensión),4,4,4,,No,,,,No,No,No,No,No,No,No,No,No,,No,,,No,Cable desnudo,Cable de guarda,1,Bueno,,Sí
288,20/10/2025 13:42,GEOPARK ,TIGANA ,TGN - PDT,T-TUAE66,44.127.927,-726.373.633,Poste,Concreto,Suspensión,Triangular,1050,2940,,Ceramica (Aislador de suspensión),4,4,4,,No,,,,No,No,No,No,No,No,No,No,No,,No,,,No,Cable desnudo,Cable de guarda,1,Bueno,,Sí
287,20/10/2025 13:40,GEOPARK ,TIGANA ,TGN - PDT,T-TUAE67,44.115.115,-726.387.806,Poste,Concreto,Retención (Corte),Triangular,1050,2940,Avifauna oxidada y aislador,Ceramica (Aislador de suspensión),4,4,4,,No,,,,No,No,No,No,No,No,No,No,No,,No,,,No,Cable desnudo,Cable de guarda,1,Bueno,,Sí
286,20/10/2025 13:38,GEOPARK ,TIGANA ,TGN - PDT,T-TUAE68,44.118.724,-726.383.784,Poste,Concreto,Retención (Corte),Triangular,1350,3160,2 avifaunas oxidadas en 1 templete y aislador,Ceramica (Aislador de suspensión),4,4,4,Sí,Sí,,,,No,No,No,No,No,No,No,No,No,Spark Gap,No,,,No,Cable desnudo,Cable de guarda,1,Bueno,,Sí
285,20/10/2025 13:35,GEOPARK ,TIGANA ,TGN - PDT,T-TUAE69,44.113.052,-726.390.146,Poste,Concreto,Suspensión,Triangular,1350,2990,,Ceramica (Aislador de suspensión),4,4,4,,No,,,,No,No,No,No,No,No,No,No,No,,No,,,No,Cable desnudo,Cable de guarda,1,Bueno,,Sí
284,20/10/2025 13:31,GEOPARK ,TIGANA ,TGN - PDT,T-TUAE70,44.106.481,-726.397.146,Poste,Concreto,Suspensión,Triangular,1050,2940,,Ceramica (Aislador de suspensión),4,4,4,,No,,,,No,No,No,No,No,No,No,No,No,,No,,,No,Cable desnudo,Cable de guarda,1,Bueno,,Sí
283,20/10/2025 13:29,GEOPARK ,TIGANA ,TGN - PDT,T-TUAE71,4.409.895,-726.404.215,Poste,Concreto,Retención (Corte),Triangular,1350,2990,2 Avifaunas oxiadas,,,,,,,,,,,,,,,,,,,,,,,,,,,,,
282,20/10/2025 13:26,GEOPARK ,TIGANA ,TGN - PDT,T-TUAE72,4.409.207,-726.411.431,Poste,Concreto,Suspensión,Triangular,1050,2940,,Ceramica (Aislador de suspensión),4,4,4,,No,,,,No,No,No,No,No,No,No,No,No,,No,,,No,Cable desnudo,Cable de guarda,1,Bueno,,Sí
281,20/10/2025 13:24,GEOPARK ,TIGANA ,TGN - PDT,T-TUAE73,44.082.214,-726.421.862,Poste,Concreto,Suspensión,Triangular,1050,2940,,Ceramica (Aislador de suspensión),4,4,4,,No,,,,No,No,No,No,No,No,No,No,No,,No,,,No,Cable desnudo,Cable de guarda,1,Bueno,,Sí
280,20/10/2025 13:21,GEOPARK ,TIGANA ,TGN - PDT,T-TUAE74,44.079.693,-726.424.251,Poste,Concreto,Retención (Corte),Triangular,1050,2940,Avifaunas oxidadas y aisldores,Ceramica (Aislador de suspensión),4,4,4,,No,,,,No,No,No,No,No,No,No,No,No,,No,,,No,Cable desnudo,Cable de guarda,1,Bueno,,Sí
279,20/10/2025 13:16,GEOPARK ,TIGANA ,TGN - PDT,T-TUAE75,44.073.264,-726.431.262,Poste,Concreto,Retención (Corte),Triangular,1350,2990,Avifaunas oxidadas y aisladores,Ceramica (Aislador de suspensión),4,4,4,,No,,,,No,No,No,No,No,No,No,No,No,,No,,,No,Cable desnudo,Cable de guarda,1,Bueno,,Sí
278,20/10/2025 13:14,GEOPARK ,TIGANA ,TGN - PDT,T-TUAE76,44.067.797,-726.440.251,Poste,Concreto,Retención (Corte),Triangular,1350,4194,Avifaunas oxidadas y aisladores,Ceramica (Aislador de suspensión),4,4,4,,No,,,,No,No,No,No,No,No,No,No,No,,No,,,No,Cable desnudo,Cable de guarda,1,Bueno,,Sí
277,20/10/2025 13:11,GEOPARK ,TIGANA ,TGN - PDT,T-TUAE77,44.065.695,-726.449.679,Poste,Concreto,Retención (Corte),Triangular,1350,4194,Avifaunas oxidadas y aisladores,Ceramica (Aislador de suspensión),4,4,4,,No,,,,No,No,No,No,No,No,No,No,No,,No,,,No,Cable desnudo,Cable de guarda,1,Bueno,,Sí
371,21/10/2025 13:31,GEOPARK ,TIGANA ,TGA1-TGA3,TB-TA10,4.455.266,-72.667.769,Poste,Concreto,Suspensión,Canadiense,1050,2940,,Ceramica (Aislador de suspensión),4,4,4,,No,,,,No,No,No,No,No,No,No,No,No,,No,,,No,Cable desnudo,Cable de guarda,1,Bueno,,Sí
270,20/10/2025 10:53,GEOPARK ,TIGANA ,PDT-TUA,T-TUAE54,44.199.327,-726.305.925,Poste,Concreto,Retención (Corte),Triangular,1350,2990,Avifauna oxidada y aisladores,Ceramica (Aislador de suspensión),4,4,4,,No,,,,No,No,No,No,No,No,No,No,No,,No,,,No,Cable desnudo,Cable de guarda,1,Bueno,,Sí
296,21/10/2025 8:23,GEOPARK ,PÓRTICO DERIVACIÓN,PDT-TT,CTT-TTE01,44.439.398,-726.430.561,Poste,Concreto,Retención (Corte),Triangular,1350,2990,Avifaunas oxidadas y aisladores,Ceramica (Aislador de suspensión),4,4,4,,No,,,,No,No,No,No,No,No,No,No,No,,No,,,No,Cable desnudo,Cable de guarda,1,Bueno,,Sí
297,21/10/2025 8:24,GEOPARK ,PÓRTICO DERIVACIÓN,PDT-TT,CTT-TTE02,4.444.166,-726.421.574,Poste,Concreto,Suspensión,Triangular,1050,2940,,Ceramica (Aislador de suspensión),4,4,4,,No,,,,No,No,No,No,No,No,No,No,No,,No,,,No,Cable desnudo,Cable de guarda,1,Bueno,,Sí
298,21/10/2025 8:26,GEOPARK ,PÓRTICO DERIVACIÓN,PDT-TT,CTT-TTE03,44.443.361,-726.412.933,Poste,Concreto,Suspensión,Triangular,1050,2940,,Ceramica (Aislador de suspensión),4,4,4,,No,,,,No,No,No,No,No,No,No,No,No,,No,,,No,Cable desnudo,Cable de guarda,1,Bueno,,Sí
299,21/10/2025 8:28,GEOPARK ,PÓRTICO DERIVACIÓN,PDT-TT,CTT-TTE04,44.445.453,-726.404.128,Poste,Concreto,Retención (Corte),Triangular,1350,2990,Avifauna oxidada y aisladores,Ceramica (Aislador de suspensión),4,4,4,,No,,,,No,No,No,No,No,No,No,No,No,,No,,,No,Cable desnudo,Cable de guarda,1,Bueno,,Sí
300,21/10/2025 8:31,GEOPARK ,PÓRTICO DERIVACIÓN,PDT-TT,CTT-TTE05,4.444.605,-72.639.523,Poste,Concreto,Retención (Corte),Triangular,1350,2990,Avifauna oxidada y aisladores,Ceramica (Aislador de suspensión),4,4,4,,No,,,,No,No,No,No,No,No,No,No,No,,No,,,No,Cable desnudo,Cable de guarda,1,Bueno,,Sí
301,21/10/2025 8:33,GEOPARK ,PÓRTICO DERIVACIÓN,PDT-TT,CTT-TTE06,44.448.235,-726.386.193,Poste,Concreto,Suspensión,Triangular,1050,2940,,Ceramica (Aislador de suspensión),4,4,4,,No,,,,No,No,No,No,No,No,No,No,No,,No,,,No,Cable desnudo,Cable de guarda,1,Bueno,,Sí
302,21/10/2025 8:34,GEOPARK ,PÓRTICO DERIVACIÓN,PDT-TT,CTT-TTE07,444.498,-72.637.712,Poste,Concreto,Retención (Corte),Triangular,1050,2940,Avifaunas oxidadas y 1 avifauna con panal de avispas,,,,,,,,,,,,,,,,,,,,,,,,,,,,,
303,21/10/2025 8:36,GEOPARK ,PÓRTICO DERIVACIÓN,PDT-TT,CTT-TTE08,4.445.118,-72.636.669,Poste,Concreto,Suspensión,Triangular,1350,2990,,Ceramica (Aislador de suspensión),4,4,4,,No,,,,No,No,No,No,No,No,No,No,No,,No,,,No,Cable desnudo,Cable de guarda,1,Bueno,,Sí
304,21/10/2025 8:39,GEOPARK ,PÓRTICO DERIVACIÓN,PDT-TT,CTT-TTE09,4.445.253,-72.635.616,Poste,Concreto,Suspensión,Triangular,1050,2940,,Ceramica (Aislador de suspensión),4,4,4,,No,,,,No,No,No,No,No,No,No,No,No,,No,,,No,Cable desnudo,Cable de guarda,1,Bueno,,Sí
305,21/10/2025 8:40,GEOPARK ,PÓRTICO DERIVACIÓN,PDT-TT,CTT-TTE10,4.445.389,-7.263.458,Poste,Concreto,Retención (Corte),Triangular,1050,2400,Avifauna oxidada y aisladores,Ceramica (Aislador de suspensión),4,4,4,,No,,,,No,No,No,No,No,No,No,No,No,,No,,,No,Cable desnudo,Cable de guarda,1,Bueno,,Sí
306,21/10/2025 8:42,GEOPARK ,PÓRTICO DERIVACIÓN,PDT-TT,CTT-TTE11,4.445.538,-72.633.557,Poste,Concreto,Suspensión,Triangular,1050,2940,,Ceramica (Aislador de suspensión),4,4,4,,No,,,,No,No,No,No,No,No,No,No,No,,No,,,No,Cable desnudo,Cable de guarda,1,Bueno,,Sí
307,21/10/2025 8:44,GEOPARK ,PÓRTICO DERIVACIÓN,PDT-TT,CTT-TTE12,4.445.645,-7.263.249,Poste,Concreto,Suspensión,Triangular,1050,2940,,Ceramica (Aislador de suspensión),4,4,4,,No,,,,No,No,No,No,No,No,No,No,No,,No,,,No,Cable desnudo,Cable de guarda,1,Bueno,,Sí
308,21/10/2025 8:46,GEOPARK ,PÓRTICO DERIVACIÓN,PDT-TT,CTT-TTE13,4.445.811,-72.631.443,Poste,Concreto,Retención (Corte),Triangular,1350,2990,Avifauna oxidada y aisladores,Ceramica (Aislador de suspensión),4,4,4,,No,,,,No,No,No,No,No,No,No,No,No,,No,,,No,Cable desnudo,Cable de guarda,1,Bueno,,Sí
52,15/10/2025 16:03,GEOPARK,JACANA ,JCP - JCC TR1,JP-JCC14,4.381.955,-72.734.001,Poste,Concreto,Suspensión,Canadiense,1350,2300,,Ceramica (Aislador de suspensión),4,4,4,,No,,,,No,No,No,No,No,No,No,No,No,,No,,,No,Cable desnudo,Sí,1,Bueno,Herrajes,Sí
310,21/10/2025 8:50,GEOPARK ,PÓRTICO DERIVACIÓN,PDT-TT,CTT-TTE15,4.446.062,-72.629.344,Poste,Concreto,Suspensión,Triangular,1050,2940,,Ceramica (Aislador de suspensión),4,4,4,,No,,,,No,No,No,No,No,No,No,No,No,,No,,,No,Cable desnudo,Cable de guarda,1,Bueno,,Sí
311,21/10/2025 8:53,GEOPARK ,PÓRTICO DERIVACIÓN,PDT-TT,CTT-TTE16,4.446.208,-72.628.306,Poste,Concreto,Retención (Corte),Triangular,1350,2990,Avifauna oxidada y aisladores,Ceramica (Aislador de suspensión),4,4,4,,No,,,,No,No,No,No,No,No,No,No,No,,No,,,No,Cable desnudo,Cable de guarda,1,Bueno,,Sí
312,21/10/2025 8:55,GEOPARK ,PÓRTICO DERIVACIÓN,PDT-TT,CTT-TTE17,4.446.326,-7.262.726,Poste,Concreto,Suspensión,Triangular,1050,2940,,Ceramica (Aislador de suspensión),4,4,4,,Sí,,,,No,No,No,No,No,No,No,No,No,,No,,,No,Cable desnudo,Cable de guarda,1,Bueno,,Sí
313,21/10/2025 8:57,GEOPARK ,PÓRTICO DERIVACIÓN,PDT-TT,CTT-TTE18,4.446.495,-72.626.214,Poste,Concreto,Suspensión,Triangular,1050,2940,,Ceramica (Aislador de suspensión),4,4,4,,No,,,,No,No,No,No,No,No,No,No,No,,No,,,No,Cable desnudo,Cable de guarda,1,Bueno,,Sí
314,21/10/2025 8:59,GEOPARK ,PÓRTICO DERIVACIÓN,PDT-TT,CTT-TTE19,4.446.631,-72.625.108,Poste,Concreto,Retención (Corte),Triangular,1350,2990,Avifauna oxidada y aisladores,Ceramica (Aislador de suspensión),4,4,4,,No,,,,No,No,No,No,No,No,No,No,No,,No,,,No,Cable desnudo,Cable de guarda,1,Bueno,,Sí
315,21/10/2025 9:01,GEOPARK ,PÓRTICO DERIVACIÓN,PDT-TT,CTT-TTE20,44.468.434,-726.239.932,Poste,Concreto,Suspensión,Triangular,1050,2400,,Ceramica (Aislador de suspensión),4,4,4,,No,,,,No,No,No,No,No,No,No,No,No,,No,,,No,Cable desnudo,Cable de guarda,1,Bueno,,Sí
316,21/10/2025 9:02,GEOPARK ,PÓRTICO DERIVACIÓN,PDT-TT,CTT-TTE21,44.469.626,-726.228.493,Poste,Concreto,Pullover (Cruce vertical),,1350,2990,Avifauna oxidada,,,,,,,,,,,,,,,,,,,,,,,,,,,,,
317,21/10/2025 9:05,GEOPARK ,PÓRTICO DERIVACIÓN,PDT-TT,CTT-TTE22,44.461.902,-726.223.177,Poste,Concreto,Suspensión,Triangular,1350,2990,,Ceramica (Aislador de suspensión),4,4,4,,No,,,,No,No,No,No,No,No,No,No,No,,No,,,No,Cable desnudo,Cable de guarda,1,Bueno,,Sí
318,21/10/2025 9:07,GEOPARK ,PÓRTICO DERIVACIÓN,PDT-TT,CTT-TTE23,4.445.389,-72.621.809,Poste,Concreto,Retención (Corte),Triangular,1050,2940,Avifauna oxidada,,,,,,,,,,,,,,,,,,,,,,,,,,,,,
319,21/10/2025 9:09,GEOPARK ,PÓRTICO DERIVACIÓN,PDT-TT,CTT-TTE24,44.445.971,-726.212.813,Poste,Concreto,Suspensión,Triangular,1350,2990,,Ceramica (Aislador de suspensión),4,4,4,,No,,,,No,No,No,No,No,No,No,No,No,,No,,,No,Cable desnudo,Cable de guarda,1,Bueno,,Sí
320,21/10/2025 9:11,GEOPARK ,PÓRTICO DERIVACIÓN,PDT-TT,CTT-TTE25,,,,,,,,,,,,,,,,,,,,,,,,,,,,,,,,,,,,,,
321,21/10/2025 9:13,GEOPARK ,PÓRTICO DERIVACIÓN,PDT-TT,CTT-TTE26,4.443.333,-726.204.204,Poste,Concreto,Retención (Corte),Triangular,1350,2990,Es necesario colocar templetes en la estructura,Ceramica (Aislador de suspensión),4,4,4,,No,,,,No,No,No,No,No,No,No,No,No,,No,,,No,Cable desnudo,Cable de guarda,1,Bueno,,Sí
322,21/10/2025 9:14,GEOPARK ,PÓRTICO DERIVACIÓN,PDT-TT,CTT-TTE27,44.431.434,-726.198.958,Poste,Concreto,Retención (Corte),Triangular,1350,2990,Se necesitan templetes para la estructura,Ceramica (Aislador de suspensión),4,4,4,,No,,,,No,No,No,No,No,No,No,No,No,,No,,,No,Cable desnudo,Cable de guarda,1,Bueno,,Sí
323,21/10/2025 9:15,GEOPARK ,PÓRTICO DERIVACIÓN,PDT-TT,CTT-TTE28,44.431.625,-7.261.953,Poste,Concreto,Retención (Corte),Triangular,1350,2990,Avifauna oxidada y aisladores,Ceramica (Aislador de suspensión),4,4,4,,No,,,,No,No,No,No,No,No,No,No,No,,No,,,No,Cable desnudo,Cable de guarda,1,Bueno,,Sí
324,21/10/2025 9:17,GEOPARK ,PÓRTICO DERIVACIÓN,PDT-TT,CTT-TTE29,44.435.831,-726.185.831,Poste,Concreto,Suspensión,Triangular,1050,2940,,Ceramica (Aislador de suspensión),4,4,4,,No,,,,No,No,No,No,No,No,No,No,No,,No,,,No,Cable desnudo,Cable de guarda,1,Bueno,,Sí
325,21/10/2025 9:19,GEOPARK ,PÓRTICO DERIVACIÓN,PDT-TT,CTT-TTE30,44.439.827,-726.175.968,Poste,Concreto,Suspensión,Triangular,1050,2940,,Ceramica (Aislador de suspensión),4,4,4,,No,,,,No,No,No,No,No,No,No,No,No,,No,,,No,Cable desnudo,Cable de guarda,1,Bueno,,Sí
326,21/10/2025 9:21,GEOPARK ,PÓRTICO DERIVACIÓN,PDT-TT,CTT-TTE31,4.444.359,-72.616.609,Poste,Concreto,Retención (Corte),Triangular,1050,2940,Avifauna oxidada y aisladores,Ceramica (Aislador de suspensión),4,4,4,,No,,,,No,No,No,No,No,No,No,No,No,,No,,,No,Cable desnudo,Cable de guarda,1,Bueno,,Sí
327,21/10/2025 9:23,GEOPARK ,PÓRTICO DERIVACIÓN,PDT-TT,CTT-TTE32,44.447.979,-72.615.629,Poste,Concreto,Suspensión,Triangular,1050,2940,,Ceramica (Aislador de suspensión),4,4,4,,No,,,,No,No,No,No,No,No,No,No,No,,No,,,No,Cable desnudo,Cable de guarda,1,Bueno,,Sí
328,21/10/2025 9:25,GEOPARK ,PÓRTICO DERIVACIÓN,PDT-TT,CTT-TTE33,44.452.137,-726.146.405,Poste,Concreto,Suspensión,Triangular,1050,2940,,Ceramica (Aislador de suspensión),4,4,4,,No,,,,No,No,No,No,No,No,No,No,No,,No,,,No,Cable desnudo,Cable de guarda,1,Bueno,,Sí
329,21/10/2025 9:27,GEOPARK ,PÓRTICO DERIVACIÓN,PDT-TT,CTT-TTE34,44.456.223,-726.136.549,Poste,Concreto,Retención (Corte),Triangular,1350,2990,Avifauna oxidada y aisladores,Ceramica (Aislador de suspensión),4,4,4,,No,,,,No,No,No,No,No,No,No,No,No,,No,,,No,Cable desnudo,Cable de guarda,1,Bueno,,Sí
330,21/10/2025 9:29,GEOPARK ,PÓRTICO DERIVACIÓN,PDT-TT,CTT-TTE35,44.459.133,-726.128.989,Poste,Concreto,Suspensión,Triangular,1050,2400,,Ceramica (Aislador de suspensión),4,4,4,,No,,,,No,No,No,No,No,No,No,No,No,,No,,,No,Cable desnudo,Cable de guarda,1,Bueno,,Sí
331,21/10/2025 9:31,GEOPARK ,PÓRTICO DERIVACIÓN,PDT-TT,CTT-TTE36,44.461.917,-7.261.226,Poste,Concreto,Retención (Corte),Triangular,1350,2990,Avifauna oxidada y aislador,Ceramica (Aislador de suspensión),4,4,4,,No,,,,No,No,Sí,No,No,No,No,No,No,,No,,,No,Cable desnudo,Cable de guarda,1,Bueno,,Sí
332,21/10/2025 9:32,GEOPARK ,PÓRTICO DERIVACIÓN,PDT-TT,CTT-TTE37,44.465.856,-726.117.687,Poste,Concreto,Retención (Corte),Triangular,1350,2990,Avifauna oxidada y aisladores,Ceramica (Aislador de suspensión),4,4,4,,No,,,,No,No,No,No,No,No,No,No,No,,No,,,No,Cable desnudo,Cable de guarda,1,Bueno,,Sí
333,21/10/2025 9:34,GEOPARK ,PÓRTICO DERIVACIÓN,PDT-TT,CTT-TTE38,44.470.738,-726.113.906,Poste,Concreto,Suspensión,Triangular,1350,2990,,Ceramica (Aislador de suspensión),4,4,4,,No,,,,No,No,No,No,No,No,No,No,No,,No,,,No,Cable desnudo,Cable de guarda,1,Bueno,,Sí
334,21/10/2025 9:36,GEOPARK ,PÓRTICO DERIVACIÓN,PDT-TT,CTT-TTE39,44.474.481,-726.110.459,Poste,Concreto,Pullover (Cruce vertical),,1350,2990,Avifauna oxidada y aisladores,Ceramica (Aislador de suspensión),4,4,4,,No,,,,No,No,No,No,No,No,No,No,No,,No,,,No,Cable desnudo,Cable de guarda,1,Bueno,,Sí
71,16/10/2025 8:45,GEOPARK,JACANA ,JCS - JCE,JS-JE37,4.370.672,-72.753.229,Poste,Concreto,Pullover (Cruce vertical),,1050,2940,Discos,Ceramica (Aislador de suspensión),8,8,8,,No,,,,No,No,No,No,No,No,No,No,No,,No,,,No,Cable desnudo,Sí,1,Bueno,Herrajes,Sí
72,16/10/2025 8:49,GEOPARK,JACANA ,JCS - JCE,JS-JE36,4.370.386,-72.752.853,Poste,Concreto,Suspensión,Triangular,1050,2940,,Ceramica (Aislador de suspensión),4,4,4,,No,,,,No,No,No,No,No,No,No,No,No,,No,,,No,Cable desnudo,Sí,1,Bueno,Herrajes,Sí
73,16/10/2025 8:52,GEOPARK,JACANA ,JCS - JCE,JS-JE35,4.370.095,-72.752.472,Poste,Concreto,Pullover (Cruce vertical),,1350,2990,Discos,Ceramica (Aislador de suspensión),8,8,8,,No,,,,No,No,No,No,No,No,No,No,No,,No,,,No,Cable desnudo,Sí,1,Bueno,Herrajes,Sí
74,16/10/2025 8:58,GEOPARK,JACANA ,JCS - JCE,JS-JE34,4.369.477,-72.752.877,Poste,Concreto,Pullover (Cruce vertical),,1350,2600,Discos,Ceramica (Aislador de suspensión),8,8,8,,No,,,,No,No,No,No,No,No,No,No,No,,No,,,No,Cable desnudo,Sí,1,Bueno,Herrajes,Sí
76,16/10/2025 9:06,GEOPARK,JACANA ,JCS - JCE,JS-JE33,4.368.595,-7.275.259,Poste,Concreto,Suspensión,Canadiense,1050,2940,,Ceramica (Aislador de suspensión),4,4,4,,No,,,,No,No,No,No,No,No,No,No,No,,No,,,No,Cable desnudo,Sí,1,Bueno,Herrajes,Sí
78,16/10/2025 9:15,GEOPARK,JACANA ,JCS - JCE,JS-JE32,4.367.728,-72.752.301,Poste,Concreto,Retención (Corte),Canadiense,1350,2600,Discos,Ceramica (Aislador de suspensión),8,8,8,,No,,,,No,No,No,No,No,No,No,No,No,,No,,,No,Cable desnudo,Sí,1,Bueno,Herrajes,Sí
80,16/10/2025 9:25,GEOPARK,JACANA ,JCS - JCE,JS-JE31,4.366.903,-72.752.025,Poste,Concreto,Suspensión,Canadiense,1050,2600,,Ceramica (Aislador de suspensión),4,4,4,,No,,,,No,No,No,No,No,No,No,No,No,,No,,,No,Cable desnudo,Sí,1,Bueno,Herrajes,Sí
82,16/10/2025 9:33,GEOPARK,JACANA ,JCS - JCE,JS-JE30,4.365.986,-72.751.716,Poste,Concreto,Suspensión,Triangular,1050,2300,,Linepost (Aislador tipo columna),4,4,4,,No,,,,No,No,No,No,No,No,No,No,No,,No,,,No,Cable desnudo,Sí,1,Bueno,Herrajes,Sí
83,16/10/2025 9:37,GEOPARK,JACANA ,JCS - JCE,JS-JE29,4.365.303,-72.751.486,Poste,Concreto,Pullover (Cruce vertical),,1350,2600,Discos,Ceramica (Aislador de suspensión),8,8,8,,No,,,,No,No,No,No,No,No,No,No,No,,No,,,No,Cable desnudo,Sí,1,Bueno,Herrajes,Sí
95,16/10/2025 10:25,GEOPARK,JACANA ,JCS - JCE,JS-JE23,4.367.019,-72.746.519,Poste,Concreto,Suspensión,Canadiense,1050,2300,,Ceramica (Aislador de suspensión),4,4,4,,Sí,1,1,1,No,No,No,No,No,No,No,No,No,,No,,,No,Cable desnudo,Sí,1,Bueno,Herrajes,Sí
88,16/10/2025 10:01,GEOPARK,JACANA ,JCS - JCE,JS-JE27,4.365.792,-72.749.897,Poste,Concreto,Retención (Corte),Canadiense,1350,3160,Discos,Ceramica (Aislador de suspensión),8,8,8,,No,,,,No,No,No,No,No,No,No,No,No,,No,,,No,Cable desnudo,Sí,1,Bueno,Herrajes,Sí
90,16/10/2025 10:06,GEOPARK,JACANA ,JCS - JCE,JS-JE26,4.366.059,-72.749.025,Poste,Concreto,Suspensión,Canadiense,1050,2300,,Ceramica (Aislador de suspensión),4,4,4,,No,,,,No,No,No,No,No,No,No,No,No,,No,,,No,Cable desnudo,Sí,1,Bueno,Herrajes,Sí
92,16/10/2025 10:14,GEOPARK,JACANA ,JCS - JCE,JS-JE25,43.661.942,-727.485.101,Poste,Concreto,Suspensión,Canadiense,1350,2990,,Ceramica (Aislador de suspensión),4,4,4,,No,,,,No,No,No,No,No,No,No,No,No,,No,,,No,Cable desnudo,Sí,1,Bueno,Herrajes,Sí
93,16/10/2025 10:18,GEOPARK,JACANA ,JCS - JCE,JS-JE24,43.665.694,-727.475.389,Poste,Concreto,Retención (Corte),Canadiense,1350,2600,Discos,Ceramica (Aislador de suspensión),8,8,8,,No,,,,No,No,No,No,No,No,No,No,No,,No,,,No,Cable desnudo,Sí,1,Bueno,Herrajes,Sí
86,16/10/2025 9:51,GEOPARK,JACANA ,JCS - JCE,JS-JE28,4.365.543,-72.750.709,Poste,Concreto,Suspensión,Canadiense,1350,2990,,Ceramica (Aislador de suspensión),4,4,4,,Sí,1,1,1,No,No,No,No,No,No,No,No,No,,No,,,No,Cable desnudo,Sí,1,Bueno,Herrajes,Sí
97,16/10/2025 10:32,GEOPARK,JACANA ,JCS - JCE,JS-JE22,4.367.447,-72.745.794,Poste,Concreto,Suspensión,Canadiense,1350,2300,,Ceramica (Aislador de suspensión),4,4,4,,No,,,,No,No,No,No,No,No,No,No,No,,No,,,No,Cable desnudo,Sí,1,Bueno,Herrajes,Sí
99,16/10/2025 10:37,GEOPARK,JACANA ,JCS - JCE,JS-JE21,4.367.865,-72.745.031,Poste,Concreto,Retención (Corte),Canadiense,1350,2600,Discos,Ceramica (Aislador de suspensión),8,8,8,,No,,,,No,No,No,No,No,No,No,No,No,,No,,,No,Cable desnudo,Sí,1,Bueno,Herrajes,Sí
100,16/10/2025 10:41,GEOPARK,JACANA ,JCS - JCE,JS-JE20,4.368.315,-72.744.264,Poste,Concreto,Suspensión,Canadiense,1050,2300,,Ceramica (Aislador de suspensión),4,4,4,,No,,,,No,No,No,No,No,No,No,No,No,,No,,,No,Cable desnudo,Sí,1,Bueno,Herrajes,Sí
102,16/10/2025 10:48,GEOPARK,JACANA ,JCS - JCE,JS-JE19,4.368.735,-72.743.505,Poste,Concreto,Suspensión,Canadiense,1350,2990,,Ceramica (Aislador de suspensión),4,4,4,,No,,,,No,No,No,No,No,No,No,No,No,,No,,,No,Cable desnudo,Sí,1,Bueno,Herrajes,Sí
104,16/10/2025 11:00,GEOPARK,JACANA ,JCS - JCE,JS-JE18,4.369.178,-72.742.755,Poste,Concreto,Retención (Corte),Canadiense,1350,2990,Discos,Ceramica (Aislador de suspensión),8,8,8,,No,,,,No,No,No,No,No,No,No,No,No,,No,,,No,Cable desnudo,Sí,1,Bueno,Herrajes,Sí
106,16/10/2025 11:10,GEOPARK,JACANA ,JCS - JCE,JS-JE17,4.369.619,-72.741.988,Poste,Concreto,Suspensión,Canadiense,1050,2300,,Ceramica (Aislador de suspensión),4,4,4,,No,,,,No,No,No,No,No,No,No,No,No,,No,,,No,Cable desnudo,Sí,1,Bueno,Herrajes,Sí
108,16/10/2025 11:16,GEOPARK,JACANA ,JCS - JCE,JS-JE16,437.005,-72.741.203,Poste,Concreto,Suspensión,Canadiense,1050,2300,,Ceramica (Aislador de suspensión),4,4,4,,No,,,,No,No,No,No,No,No,No,No,No,,No,,,No,Cable desnudo,Sí,1,Bueno,Herrajes,Sí
109,16/10/2025 11:19,GEOPARK,JACANA ,JCS - JCE,JS-JE15,4.370.491,-72.740.479,Poste,Concreto,Suspensión,Canadiense,1050,2300,,Ceramica (Aislador de suspensión),4,8,4,,No,,,,No,No,No,No,No,No,No,No,No,,No,,,No,Cable desnudo,Sí,1,Bueno,Herrajes,Sí
111,16/10/2025 11:25,GEOPARK,JACANA ,JCS - JCE,JS-JE14,4.370.921,-727.397,Poste,Concreto,Retención (Corte),Canadiense,1350,2990,Discos,Ceramica (Aislador de suspensión),8,8,8,,No,,,,No,No,No,No,No,No,No,No,No,,No,,,No,Cable desnudo,Sí,1,Bueno,Herrajes,Sí
253,19/10/2025 10:11,GEOPARK,JACANA ,JAC -TGN,J-T01,4.387.742,-7.272.413,Poste,Concreto,Retención (Corte),Triangular,1350,2990,,,,,,,Sí,1,1,1,Sí,No,No,No,No,No,No,No,No,Barrera antichoque,Sí,Premoldeados,IMC,No,Cable desnudo,Sí,1,Bueno,Herrajes,Sí
115,16/10/2025 11:36,GEOPARK,JACANA ,JCS - JCE,JS-JE12,4.371.802,-72.738.173,Poste,Concreto,Suspensión,Canadiense,1050,2300,,Ceramica (Aislador de suspensión),4,4,4,,No,,,,No,No,No,No,No,No,No,No,No,,No,,,No,Cable desnudo,Sí,1,Bueno,Herrajes,Sí
116,16/10/2025 11:39,GEOPARK,JACANA ,JCS - JCE,JS-JE11,437.219,-72.737.478,Poste,Concreto,Pullover (Cruce vertical),,1350,2990,Discos,Ceramica (Aislador de suspensión),8,8,8,,No,,,,No,No,No,No,No,No,No,No,No,,No,,,No,Cable desnudo,Sí,1,Bueno,Herrajes,Sí
118,16/10/2025 11:55,GEOPARK,JACANA ,JCS - JCE,JS-JE10,4.372.914,-7.273.748,Poste,Concreto,Suspensión,Canadiense,1350,2990,,Ceramica (Aislador de suspensión),4,4,4,,No,,,,No,No,No,No,No,No,No,No,No,,No,,,No,Cable desnudo,Sí,1,Bueno,Herrajes,Sí
120,16/10/2025 12:00,GEOPARK,JACANA ,JCS - JCE,JS-JE09,4.373.701,-72.737.472,Poste,Concreto,Retención (Corte),Canadiense,1350,2600,Discos,Ceramica (Aislador de suspensión),8,8,8,,No,,,,No,No,No,No,No,No,No,No,No,,No,,,No,Cable desnudo,Sí,1,Bueno,Herrajes,Sí
122,16/10/2025 12:05,GEOPARK,JACANA ,JCS - JCE,JS-JE08,437.453,-72.737.472,Poste,Concreto,Suspensión,Canadiense,1350,2990,,Ceramica (Aislador de suspensión),4,4,4,,No,,,,No,No,No,No,No,No,No,No,No,,No,,,No,Cable desnudo,Sí,1,Bueno,Herrajes,Sí
168,17/10/2025 15:34,GEOPARK,JACANA ,JAC -TGN,J-T06,4.392.526,-72.723.168,Poste,Concreto,Retención (Corte),Triangular,1350,2990,Discos,Ceramica (Aislador de suspensión),8,12,8,,Sí,1,1,1,No,No,No,No,No,No,No,No,No,Porta DPS,No,,,No,Cable desnudo,Sí,1,Bueno,Herrajes,Sí
125,16/10/2025 12:12,GEOPARK,JACANA ,JCS - JCE,JS-JE06,4.375.775,-72.737.464,Poste,Concreto,Pullover (Cruce vertical),,1350,2600,Discos,Ceramica (Aislador de suspensión),8,8,8,,No,,,,No,No,No,No,No,No,No,No,No,,No,,,No,Cable desnudo,Sí,1,Bueno,Herrajes,Sí
126,16/10/2025 12:14,GEOPARK,JACANA ,JCS - JCE,JS-JE05,4.375.996,-72.737.366,Poste,Concreto,Pullover (Cruce vertical),,1350,2990,Discos,Ceramica (Aislador de suspensión),8,8,8,,No,,,,No,No,No,No,No,No,No,No,No,,No,,,No,Cable desnudo,Sí,1,Bueno,Herrajes,Sí
173,17/10/2025 16:09,GEOPARK,JACANA ,JCS - JCE,JS-JE04,4.376.313,-72.737.062,Poste,Concreto,Retención (Corte),Triangular,1350,2990,Discos,Ceramica (Aislador de suspensión),8,12,8,,No,,,,No,No,No,No,No,No,No,No,No,,No,,,No,Cable desnudo,Sí,1,Bueno,Herrajes,Sí
174,17/10/2025 16:13,GEOPARK,JACANA ,JCS - JCE,JS-JE03,4.376.784,-72.736.627,Poste,Concreto,Suspensión,Triangular,1050,2940,,Ceramica (Aislador de suspensión),4,4,4,,No,,,,No,No,No,No,No,No,No,No,No,,No,,,No,Cable desnudo,Sí,1,Bueno,Herrajes,Sí
175,17/10/2025 16:16,GEOPARK,JACANA ,JCS - JCE,JS-JE02,4.377.368,-72.736.158,Poste,Concreto,Pullover (Cruce vertical),,1350,2990,,Ceramica (Aislador de suspensión),8,8,8,,No,,,,No,No,No,No,No,No,No,No,No,,No,,,No,Cable desnudo,Sí,1,Bueno,Herrajes,Sí
176,17/10/2025 16:17,GEOPARK,JACANA ,JCS - JCE,JS-JE01,43.774.028,-727.363.222,Poste,Concreto,Pullover (Cruce vertical),,1350,2990,,Ceramica (Aislador de suspensión),8,8,8,,No,,,,No,No,No,No,No,No,No,No,No,,No,,,No,Cable desnudo,Sí,1,Bueno,Herrajes,Sí
208,18/10/2025 10:54,GEOPARK,JACANA ,JCP - JCC TR1,JP-JCC49,43.687.528,-727.539.722,Poste,Concreto,Pullover (Cruce vertical),,1350,2600,,Ceramica (Aislador de suspensión),8,8,8,,No,,,,No,No,No,No,No,No,No,No,No,,No,,,No,Cable desnudo,Sí,1,Bueno,Herrajes,Sí
209,18/10/2025 10:56,GEOPARK,JACANA ,JCP - JCC TR1,JP-JCC48,4.368.587,-72.753.606,Poste,Concreto,Pullover (Cruce vertical),,1350,2600,,Ceramica (Aislador de suspensión),8,8,8,,No,,,,No,No,No,No,No,No,No,No,No,,No,,,No,Cable desnudo,Sí,1,Bueno,Herrajes,Sí
210,18/10/2025 10:58,GEOPARK,JACANA ,JCP - JCC TR1,JP-JCC47,4.368.956,-72.753.313,Poste,Concreto,Suspensión,Canadiense,1350,2990,,Ceramica (Aislador de suspensión),4,4,4,,No,,,,No,No,No,No,No,No,No,No,No,,No,,,No,Cable desnudo,Sí,1,Bueno,Herrajes,Sí
75,16/10/2025 9:00,GEOPARK,JACANA ,JCP - JCC TR1,JP-JCC46,4.369.346,-72.752.993,Poste,Concreto,Pullover (Cruce vertical),,1350,2990,Discos,Ceramica (Aislador de suspensión),8,8,8,,No,,,,No,No,No,No,No,No,No,No,No,,No,,,No,Cable desnudo,Sí,1,Bueno,Herrajes,Sí
77,16/10/2025 9:11,GEOPARK,JACANA ,JCP - JCC TR1,JP-JCC45,4.368.295,-72.752.625,Poste,Concreto,Suspensión,Canadiense,1350,2990,,Ceramica (Aislador de suspensión),4,4,4,,No,,,,No,No,No,No,No,No,No,No,No,,No,,,No,Cable desnudo,Sí,1,Bueno,Herrajes,Sí
79,16/10/2025 9:20,GEOPARK,JACANA ,JCP - JCC TR1,JP-JCC44,43.673.167,-72.752.275,Poste,Concreto,Retención (Corte),Triangular,1350,2990,Discos,Ceramica (Aislador de suspensión),8,12,8,,No,,,,No,No,No,No,No,No,No,No,No,,No,,,No,Cable desnudo,Sí,1,Bueno,Herrajes,Sí
81,16/10/2025 9:30,GEOPARK,JACANA ,JCP - JCC TR1,JP-JCC43,43.662.139,-727.518.694,Poste,Concreto,Suspensión,Triangular,1050,2600,,Ceramica (Aislador de suspensión),4,4,4,,No,,,,No,No,No,No,No,No,No,No,No,,No,,,No,Cable desnudo,Sí,1,Bueno,Herrajes,Sí
84,16/10/2025 9:41,GEOPARK,JACANA ,JCP - JCC TR1,JP-JCC42,43.651.694,-727.516.194,Poste,Concreto,Pullover (Cruce vertical),,1350,2990,Discos,Ceramica (Aislador de suspensión),8,8,8,,No,,,,No,No,No,No,No,No,No,No,No,,No,,,No,Cable desnudo,Sí,1,Bueno,Herrajes,Sí
85,16/10/2025 9:46,GEOPARK,JACANA ,JCP - JCC TR1,JP-JCC41,43.653.036,-72.750.917,Poste,Concreto,Retención (Corte),Triangular,1050,2940,Discos,Ceramica (Aislador de suspensión),8,8,8,,No,,,,No,No,No,No,No,No,No,No,No,,No,,,No,Cable desnudo,Sí,1,Bueno,Herrajes,Sí
87,16/10/2025 9:56,GEOPARK,JACANA ,JCP - JCC TR1,JP-JCC40,4.365.503,-72.750.332,Poste,Concreto,Retención (Corte),Triangular,1350,3160,Discos,Ceramica (Aislador de suspensión),8,12,8,,No,,,,No,No,No,No,No,No,No,No,No,,No,,,No,Cable desnudo,Sí,1,Bueno,Herrajes,Sí
89,16/10/2025 10:04,GEOPARK,JACANA ,JCP - JCC TR1,JP-JCC39,4.365.791,-7.274.939,Poste,Concreto,Suspensión,Triangular,1050,2940,,Ceramica (Aislador de suspensión),4,4,4,,No,,,,No,No,No,No,No,No,No,No,No,,No,,,No,Cable desnudo,Sí,1,Bueno,Herrajes,Sí
91,16/10/2025 10:11,GEOPARK,JACANA ,JCP - JCC TR1,JP-JCC38,4.366.124,-72.748.295,Poste,Concreto,Suspensión,Triangular,1050,2940,,Ceramica (Aislador de suspensión),4,4,4,,No,,,,No,No,No,No,No,No,No,No,No,,No,,,No,Cable desnudo,Sí,1,Bueno,Herrajes,Sí
94,16/10/2025 10:20,GEOPARK,JACANA ,JCP - JCC TR1,JP-JCC37,4.366.457,-72.747.212,Poste,Concreto,Retención (Corte),Triangular,1350,2990,Discos,Ceramica (Aislador de suspensión),8,12,8,,No,,,,No,No,No,No,No,No,No,No,No,,No,,,No,Cable desnudo,Sí,1,Bueno,Herrajes,Sí
96,16/10/2025 10:27,GEOPARK,JACANA ,JCP - JCC TR1,JP-JCC36,4.367.021,-72.746.231,Poste,Concreto,Suspensión,Triangular,1350,2990,,Ceramica (Aislador de suspensión),4,4,4,,No,,,,No,No,No,No,No,No,No,No,No,,No,,,No,Cable desnudo,Sí,1,Bueno,Herrajes,Sí
98,16/10/2025 10:34,GEOPARK,JACANA ,JCP - JCC TR1,JP-JCC35,4.367.575,-72.745.247,Poste,Concreto,Suspensión,Triangular,1050,2940,,Ceramica (Aislador de suspensión),4,4,4,,No,,,,No,No,No,No,No,No,No,No,No,,No,,,No,Cable desnudo,Sí,1,Bueno,Herrajes,Sí
101,16/10/2025 10:42,GEOPARK,JACANA ,JCP - JCC TR1,JP-JCC34,4.368.156,-72.744.259,Poste,Concreto,Retención (Corte),Triangular,1350,2990,Discos,Ceramica (Aislador de suspensión),8,12,8,,No,,,,No,No,No,No,No,No,No,No,No,,No,,,No,Cable desnudo,Sí,1,Bueno,Herrajes,Sí
103,16/10/2025 10:50,GEOPARK,JACANA ,JCP - JCC TR1,JP-JCC33,4.368.712,-72.743.276,Poste,Concreto,Suspensión,Triangular,1350,2990,,Ceramica (Aislador de suspensión),4,4,4,,No,,,,No,No,No,No,No,No,No,No,No,,No,,,No,Cable desnudo,Sí,1,Bueno,Herrajes,Sí
105,16/10/2025 11:07,GEOPARK,JACANA ,JCP - JCC TR1,JP-JCC32,4.369.294,-72.742.301,Poste,Concreto,Retención (Corte),Triangular,1350,2990,,Ceramica (Aislador de suspensión),8,8,8,,No,,,,No,No,No,No,No,No,No,No,No,,No,,,No,Cable desnudo,Sí,1,Bueno,Herrajes,Sí
107,16/10/2025 11:13,GEOPARK,JACANA ,JCP - JCC TR1,JP-JCC31,4.369.837,-72.741.304,Poste,Concreto,Suspensión,Triangular,1050,2940,,Ceramica (Aislador de suspensión),4,4,4,,No,,,,No,No,No,No,No,No,No,No,No,,No,,,No,Cable desnudo,Sí,1,Bueno,Herrajes,Sí
110,16/10/2025 11:21,GEOPARK,JACANA ,JCP - JCC TR1,JP-JCC30,4.370.423,-7.274.032,Poste,Concreto,Retención (Corte),Triangular,1350,2990,Discos,Ceramica (Aislador de suspensión),8,8,8,,No,,,,No,No,No,No,No,No,No,No,No,,No,,,No,Cable desnudo,Sí,1,Bueno,Herrajes,Sí
112,16/10/2025 11:27,GEOPARK,JACANA ,JCP - JCC TR1,JP-JCC29,4.370.972,-72.739.334,Poste,Concreto,Suspensión,Triangular,1350,2990,,Ceramica (Aislador de suspensión),4,4,4,,No,,,,No,No,No,No,No,No,No,No,No,,No,,,No,Cable desnudo,Sí,1,Bueno,Herrajes,Sí
114,16/10/2025 11:34,GEOPARK,JACANA ,JCP - JCC TR1,JP-JCC28,4.371.554,-72.738.347,Poste,Concreto,Suspensión,Triangular,1050,2940,,Ceramica (Aislador de suspensión),4,4,4,,No,,,,No,No,No,No,No,No,No,No,No,,No,,,No,Cable desnudo,Sí,1,Bueno,Herrajes,Sí
117,16/10/2025 11:41,GEOPARK,JACANA ,JCP - JCC TR1,JP-JCC27,4.372.122,-72.737.367,Poste,Concreto,Pullover (Cruce vertical),,1350,2990,Discos,Ceramica (Aislador de suspensión),8,8,8,,No,,,,No,No,No,No,No,No,No,No,No,,No,,,No,Cable desnudo,Sí,1,Bueno,Herrajes,Sí
119,16/10/2025 11:57,GEOPARK,JACANA ,JCP - JCC TR1,JP-JCC26,4.373.094,-72.737.354,Poste,Concreto,Suspensión,Triangular,1050,2940,,Ceramica (Aislador de suspensión),4,4,4,,No,,,,No,No,No,No,No,No,No,No,No,,No,,,No,Cable desnudo,Sí,1,Bueno,Herrajes,Sí
121,16/10/2025 12:03,GEOPARK,JACANA ,JCP - JCC TR1,JP-JCC25,4.374.057,-72.737.333,Poste,Concreto,Retención (Corte),Triangular,1350,2990,Discos,Ceramica (Aislador de suspensión),8,12,8,,No,,,,No,No,No,No,No,No,No,No,No,,No,,,No,Cable desnudo,Sí,1,Bueno,Herrajes,Sí
123,16/10/2025 12:08,GEOPARK,JACANA ,JCP - JCC TR1,JP-JCC24,4.375.025,-72.737.322,Poste,Concreto,Pullover (Cruce vertical),,1050,2940,Discos,Ceramica (Aislador de suspensión),8,8,8,,No,,,,No,No,No,No,No,No,No,No,No,,No,,,No,Cable desnudo,Sí,1,Bueno,Herrajes,Sí
61,15/10/2025 16:42,GEOPARK,JACANA ,JCP - JCC TR1,JP-JCC23,4.375.953,-72.737.299,Poste,Concreto,Pullover (Cruce vertical),,1350,2300,Discos,Ceramica (Aislador de suspensión),8,8,8,,No,,,,No,No,No,No,No,No,No,No,No,,No,,,No,Cable desnudo,Sí,1,Bueno,Herrajes,Sí
60,15/10/2025 16:37,GEOPARK,JACANA ,JCP - JCC TR1,JP-JCC22,4.376.671,-72.736.644,Poste,Concreto,Suspensión,Canadiense,1350,2300,,Ceramica (Aislador de suspensión),4,4,4,,No,,,,No,No,No,No,No,No,No,No,No,,No,,,No,Cable desnudo,Sí,1,Bueno,Herrajes,Sí
59,15/10/2025 16:31,GEOPARK,JACANA ,JCP - JCC TR1,JP-JCC21,4.377.471,-72.736.037,Poste,Concreto,Pullover (Cruce vertical),,1350,2300,Discos,Ceramica (Aislador de suspensión),8,8,8,,No,,,,No,No,No,No,No,No,No,No,No,,No,,,No,Cable desnudo,Sí,1,Bueno,Herrajes,Sí
58,15/10/2025 16:28,GEOPARK,JACANA ,JCP - JCC TR1,JP-JCC20,4.377.876,-72.736.493,Poste,Concreto,Suspensión,Canadiense,1350,2300,,Ceramica (Aislador de suspensión),4,4,4,,No,,,,No,No,No,No,No,No,No,No,No,,No,,,No,Cable desnudo,Sí,1,Bueno,Herrajes,Sí
57,15/10/2025 16:20,GEOPARK,JACANA ,JCP - JCC TR1,JP-JCC19,4.378.265,-72.736.921,Poste,Concreto,Pullover (Cruce vertical),,1350,2300,Discos,Ceramica (Aislador de suspensión),8,8,8,,No,,,,No,No,No,No,No,No,No,No,No,,No,,,No,Cable desnudo,Sí,1,Bueno,Herrajes,Sí
153,18/10/2025 7:57,GEOPARK ,TIGANA ,JAC -TGN,J-T95,4.438.186,-72.675.603,Poste,Concreto,Terminal (Remate),Triangular,1350,2990,Avifauna y aisladores ,Ceramica (Aislador de suspensión),4,4,4,,Sí,1,1,1,Sí,No,No,No,No,No,No,No,No,Monopolar,Sí,Seccionamiento,IMC,Sí,Cable desnudo,Cable de Guarda y DPS ,2,Bueno,,Sí
55,15/10/2025 16:12,GEOPARK,JACANA ,JCP - JCC TR1,JP-JCC17,4.379.652,-72.735.822,Poste,Concreto,Suspensión,Canadiense,1350,2300,,Ceramica (Aislador de suspensión),4,4,4,,No,,,,No,No,No,No,No,No,No,No,No,,No,,,No,Cable desnudo,Sí,1,Bueno,Herrajes,Sí
54,15/10/2025 16:10,GEOPARK,JACANA ,JCP - JCC TR1,JP-JCC16,4.380.365,-72.735.267,Poste,Concreto,Suspensión,Canadiense,1350,2300,,Ceramica (Aislador de suspensión),4,4,4,,No,,,,No,No,No,No,No,No,No,No,No,,No,,,No,Cable desnudo,Sí,1,Bueno,Herrajes,Sí
53,15/10/2025 16:05,GEOPARK,JACANA ,JCP - JCC TR1,JP-JCC15,4.381.219,-72.734.601,Poste,Concreto,Retención (Corte),Canadiense,1350,2300,Discos,Ceramica (Aislador de suspensión),8,8,8,,No,,,,No,No,No,No,No,No,No,No,No,,No,,,No,Cable desnudo,Sí,1,Bueno,Herrajes,Sí
160,17/10/2025 14:57,GEOPARK,JACANA ,JAC -TGN,J-T14,4.400.892,-7.272.206,Poste,Concreto,Retención (Corte),Triangular,1350,2990,Discos,Ceramica (Aislador de suspensión),8,12,8,,No,,,,No,No,No,No,No,No,No,No,No,,No,,,No,Cable desnudo,Sí,1,Bueno,Herrajes,Sí
154,18/10/2025 8:03,GEOPARK ,TIGANA ,JAC -TGN,J-TE94,4.437.327,-72.676.307,Poste,Concreto,Terminal (Remate),Triangular,1350,3160,Avifauna y aislador ,Ceramica (Aislador de suspensión),4,4,4,,Sí,1,1,1,Sí,No,No,No,No,No,No,No,No,,Sí,Seccionamiento,IMC,Sí,Cable desnudo,Cable de Guarda y DPS ,2,Bueno,,Sí
50,15/10/2025 15:48,GEOPARK,JACANA ,JCP - JCC TR1,JP-JCC12,4.383.342,-72.732.964,Poste,Concreto,Retención (Corte),Canadiense,1350,2300,Discos,Ceramica (Aislador de suspensión),8,8,8,,No,,,,No,No,No,No,No,No,No,No,No,,No,,,No,Cable desnudo,Sí,1,Bueno,Herrajes,Sí
49,15/10/2025 15:42,GEOPARK,JACANA ,JCP - JCC TR1,JP-JCC11,4.384.155,-72.732.293,Torre,Concreto,Suspensión,Canadiense,1350,2300,,Ceramica (Aislador de suspensión),4,4,4,,No,,,,No,No,No,No,No,No,No,No,No,,No,,,No,Cable desnudo,Sí,1,Bueno,Herrajes,Sí
48,15/10/2025 15:36,GEOPARK,JACANA ,JCP - JCC TR1,JP-JCC10,4.385.006,-72.731.714,Poste,Concreto,Suspensión,Canadiense,1350,2300,,Ceramica (Aislador de suspensión),4,4,4,,No,,,,No,No,No,No,No,No,No,No,No,,No,,,No,Cable desnudo,Sí,1,Bueno,Herrajes,Sí
47,15/10/2025 15:28,GEOPARK,JACANA ,JCP - JCC TR1,JP-JCC09,4.385.696,-72.731.161,Poste,Concreto,Pullover (Cruce vertical),,1350,2300,Discos,Ceramica (Aislador de suspensión),8,8,8,,No,,,,No,No,No,No,No,No,No,No,No,,No,,,No,Cable desnudo,Sí,1,Bueno,Herrajes,Sí
156,17/10/2025 10:12,GEOPARK,JACANA ,JAC -TGN,J-T-TR-SSA-E54,4.430.247,-72.708.056,Poste,FRP (PlÃ¡stico reforzado con fibra de vidrio),Retención (Corte),H,1350,2990,,Ceramica (Aislador de suspensión),4,4,4,,Sí,1,1,1,No,No,No,Sí,No,No,Sí,No,No,Portafusible y transformador de 75 KVA,,,,,,,,,,
45,15/10/2025 15:20,GEOPARK,JACANA ,JCP - JCC TR1,JP-JCC07,438.461,-72.729.748,Poste,Concreto,Suspensión,Canadiense,1350,2300,,Ceramica (Aislador de suspensión),4,4,4,,No,,,,No,No,No,No,No,No,No,No,No,,No,,,No,Cable desnudo,Sí,1,Bueno,Herrajes,Sí
44,15/10/2025 15:15,GEOPARK,JACANA ,JCP - JCC TR1,JP-JCC06,4.384.214,-72.729.109,Poste,Concreto,Suspensión,Canadiense,1350,2300,,Ceramica (Aislador de suspensión),4,4,4,,No,,,,No,No,No,No,No,No,No,No,No,,No,,,No,Cable desnudo,Sí,1,Bueno,Herrajes,Sí
43,15/10/2025 15:11,GEOPARK,JACANA ,JCP - JCC TR1,JP-JCC05,4.383.664,-72.728.438,Poste,Concreto,Retención (Corte),Canadiense,1350,2300,Discos,Ceramica (Aislador de suspensión),8,8,8,,No,,,,No,No,No,No,No,No,No,No,No,,No,,,No,Cable desnudo,Sí,1,Bueno,Herrajes,Sí
42,15/10/2025 15:02,GEOPARK,JACANA ,JCP - JCC TR1,JP-JCC04,4.383.685,-72.728.066,Poste,Concreto,Retención (Corte),Canadiense,1350,2300,Discos,Ceramica (Aislador de suspensión),8,8,8,,No,,,,No,No,No,No,No,No,No,No,No,,No,,,No,Cable desnudo,Sí,1,Bueno,Herrajes,Sí
41,15/10/2025 14:54,GEOPARK,JACANA ,JCP - JCC TR1,JP-JCC03,4.383.884,-72.727.309,Poste,Concreto,Suspensión,Canadiense,1350,2300,,Ceramica (Aislador de suspensión),4,4,4,,No,,,,No,No,No,No,No,No,No,No,No,,No,,,No,Cable desnudo,Sí,1,Bueno,Herrajes,Sí
40,15/10/2025 14:51,GEOPARK,JACANA ,JCP - JCC TR1,JP-JCC02,4.384.057,-72.726.545,Poste,Concreto,Retención (Corte),Canadiense,1350,2300,Discos,Ceramica (Aislador de suspensión),8,8,8,,No,,,,No,No,No,No,No,No,No,No,No,,No,,,No,Cable desnudo,Sí,1,Bueno,Herrajes,Sí
39,15/10/2025 14:43,GEOPARK,JACANA ,JCP - JCC TR1,JP-JCC01,4.384.095,-72.725.887,Poste,Concreto,Paso (Tangente),H,1350,2990,,Ceramica (Aislador de suspensión),8,8,8,,No,,,,No,No,No,No,No,No,No,No,No,,No,,,No,Cable desnudo,Sí,1,Bueno,Herrajes,Sí
178,18/10/2025 8:52,GEOPARK,JACANA ,JCE - JCC / JP -JCC TR2,JP-JCC75,43.735.111,-727.725.972,Poste,Concreto,Pullover (Cruce vertical),,1350,2990,,Ceramica (Aislador de suspensión),8,8,8,,No,,,,No,No,No,No,No,No,No,No,No,,No,,,No,Cable desnudo,Sí,1,Bueno,Herrajes,Sí
179,18/10/2025 8:57,GEOPARK,JACANA ,JCE - JCC / JP -JCC TR2,JP-JCC74,43.733.119,-727.721.119,Poste,Concreto,Pullover (Cruce vertical),,1050,2300,,Ceramica (Aislador de suspensión),8,8,8,,No,,,,No,No,No,No,No,No,No,No,No,,No,,,No,Cable desnudo,Sí,1,Bueno,Herrajes,Sí
185,18/10/2025 9:15,GEOPARK,JACANA ,JCE - JCC / JP -JCC TR2,JP-JCC70,43.733.278,-727.700.028,Poste,Concreto,Pullover (Cruce vertical),,1050,2300,,Ceramica (Aislador de suspensión),8,8,8,,No,,,,No,No,Sí,No,No,No,No,No,No,,No,,,No,Cable desnudo,Sí,1,Bueno,Herrajes,Sí
196,18/10/2025 9:55,GEOPARK,JACANA ,JCE - JCC / JP -JCC TR2,JP-JCC60,43.683.663,-727.630.879,Poste,Concreto,Pullover (Cruce vertical),,1350,2600,,Ceramica (Aislador de suspensión),8,8,8,,No,,,,No,No,No,No,No,No,No,No,No,,No,,,No,Cable desnudo,Sí,1,Bueno,Herrajes,Sí
177,18/10/2025 8:50,GEOPARK,JACANA ,JCE - JCC / JP -JCC TR2,JCE-JCC32,43.734.462,-727.726.056,Poste,Concreto,Pullover (Cruce vertical),,1350,2990,Discos,Ceramica (Aislador de suspensión),8,8,8,,No,,,,No,No,No,No,No,No,No,No,No,,No,,,No,Cable desnudo,Sí,1,Bueno,Herrajes,Sí
180,18/10/2025 8:58,GEOPARK,JACANA ,JCE - JCC / JP -JCC TR2,JCE-JCC31,43.733.004,-727.721.144,Poste,Concreto,Pullover (Cruce vertical),,1350,2600,,Ceramica (Aislador de suspensión),8,8,8,,No,,,,No,No,No,No,No,No,No,No,No,,No,,,No,Cable desnudo,Sí,1,Bueno,Herrajes,Sí
184,18/10/2025 9:12,GEOPARK,JACANA ,JCE - JCC / JP -JCC TR2,JCE-JCC27,43.732.472,,Poste,Concreto,Pullover (Cruce vertical),,1350,3200,,Ceramica (Aislador de suspensión),8,8,8,,No,,,,No,No,Sí,No,No,No,No,No,No,,No,,,No,Cable desnudo,Sí,1,Bueno,Herrajes,Sí
181,18/10/2025 9:02,GEOPARK,JACANA ,JCE - JCC / JP -JCC TR2,JCE-JCC30 Y JP-JCC73,43.732.876,-727.715.635,Poste,Concreto,Retención (Corte),Canadiense,1350,3200,Discos,Ceramica (Aislador de suspensión),8,8,8,,No,,,,No,No,No,No,No,No,No,No,No,,No,,,No,Cable desnudo,Sí,1,Bueno,Herrajes,Sí
182,18/10/2025 9:06,GEOPARK,JACANA ,JCE - JCC / JP -JCC TR2,JCE-JCC29 Y JP-JCC72,43.733.273,-727.711.127,Poste,Concreto,Suspensión,Canadiense,1350,3200,,Ceramica (Aislador de suspensión),4,4,4,,No,,,,No,No,No,No,No,No,No,No,No,,No,,,No,Cable desnudo,Sí,1,Bueno,Herrajes,Sí
183,18/10/2025 9:09,GEOPARK,JACANA ,JCE - JCC / JP -JCC TR2,JCE-JCC28 Y JP-JCC71,43.733.003,-72.770.794,Poste,Concreto,Suspensión,Canadiense,1350,3200,,Ceramica (Aislador de suspensión),4,4,4,,No,,,,No,No,No,No,No,No,No,No,No,,No,,,No,Cable desnudo,Sí,1,Bueno,Herrajes,Sí
186,18/10/2025 9:19,GEOPARK,JACANA ,JCE - JCC / JP -JCC TR2,JCE-JCC26 Y JP-JCC69,43.730.884,-727.683.446,Poste,Concreto,Suspensión,Canadiense,1350,3200,,Ceramica (Aislador de suspensión),4,4,4,,No,,,,No,No,No,No,No,No,No,No,No,,No,,,No,Cable desnudo,Sí,1,Bueno,Herrajes,Sí
188,18/10/2025 9:25,GEOPARK,JACANA ,JCE - JCC / JP -JCC TR2,JCE-JCC24 Y JP-JCC67,43.726.194,-727.670.083,Poste,Concreto,Retención (Corte),Canadiense,1350,3200,Discos,Ceramica (Aislador de suspensión),8,8,8,,No,,,,No,No,No,No,No,No,No,No,No,,No,,,No,Cable desnudo,Sí,1,Bueno,Herrajes,Sí
189,18/10/2025 9:30,GEOPARK,JACANA ,JCE - JCC / JP -JCC TR2,JCE-JCC23 Y JP-JCC66,4.371.925,-727.662.484,Poste,Concreto,Suspensión,Canadiense,1350,3200,,Ceramica (Aislador de suspensión),4,4,4,,No,,,,No,No,No,No,No,No,No,No,No,,No,,,No,Cable desnudo,Sí,1,Bueno,Herrajes,Sí
190,18/10/2025 9:34,GEOPARK,JACANA ,JCE - JCC / JP -JCC TR2,JCE-JCC22 Y JP-JCC65,43.713.232,-727.658.101,Poste,Concreto,Suspensión,Canadiense,1350,3200,,Ceramica (Aislador de suspensión),4,4,4,,No,,,,No,No,No,No,No,No,No,No,No,,No,,,No,Cable desnudo,Sí,1,Bueno,Herrajes,Sí
195,18/10/2025 9:50,GEOPARK,JACANA ,JCE - JCC / JP -JCC TR2,JCE-JCC17,43.684.111,-727.630.083,Poste,Concreto,Pullover (Cruce vertical),,1350,2600,,Ceramica (Aislador de suspensión),8,8,8,,No,,,,No,No,No,No,No,No,No,No,No,,No,,,No,Cable desnudo,Sí,1,Bueno,Herrajes,Sí
191,18/10/2025 9:38,GEOPARK,JACANA ,JCE - JCC / JP -JCC TR2,JCE-JCC21  Y JP-JCC64,4.370.925,-727.653.111,Poste,Concreto,Retención (Corte),Canadiense,1350,3200,Discos,Ceramica (Aislador de suspensión),8,8,8,,No,,,,No,No,No,No,No,No,No,No,No,,No,,,No,Cable desnudo,Sí,1,Bueno,Herrajes,Sí
192,18/10/2025 9:40,GEOPARK,JACANA ,JCE - JCC / JP -JCC TR2,JCE-JCC20 Y JP-JCC63,43.701.889,-727.646.889,Poste,Concreto,Suspensión,Canadiense,1350,3200,,Ceramica (Aislador de suspensión),4,4,4,,No,,,,No,No,No,No,No,No,No,No,No,,No,,,No,Cable desnudo,Sí,1,Bueno,Herrajes,Sí
193,18/10/2025 9:44,GEOPARK,JACANA ,JCE - JCC / JP -JCC TR2,JCE-JCC19 Y JP-JCC62,43.697.167,-727.642.806,Poste,Concreto,Suspensión,Canadiense,1350,3200,,Ceramica (Aislador de suspensión),4,4,4,,No,,,,No,No,No,No,No,No,No,No,No,,No,,,No,Cable desnudo,Sí,1,Bueno,Herrajes,Sí
194,18/10/2025 9:47,GEOPARK,JACANA ,JCE - JCC / JP -JCC TR2,JCE-JCC18 Y JP-JCC61,43.689.361,-727.636.306,Poste,Concreto,Retención (Corte),Canadiense,1350,3200,Discos,Ceramica (Aislador de suspensión),8,8,8,,No,,,,No,No,No,No,No,No,No,No,No,,No,,,No,Cable desnudo,Sí,1,Bueno,Herrajes,Sí
197,18/10/2025 9:59,GEOPARK,JACANA ,JCE - JCC / JP -JCC TR2,JCE-JCC16 Y JP-JCC59,43.681.778,-72.762.575,Poste,Concreto,Retención (Corte),Canadiense,1350,3200,Discos,Ceramica (Aislador de suspensión),8,8,8,,No,,,,No,No,No,No,No,No,No,No,No,,No,,,No,Cable desnudo,Sí,1,Bueno,Herrajes,Sí
198,18/10/2025 10:01,GEOPARK,JACANA ,JCE - JCC / JP -JCC TR2,JCE-JCC15 Y JP-JCC58,43.681.889,-727.619.056,Poste,Concreto,Suspensión,Canadiense,1350,3200,,Ceramica (Aislador de suspensión),4,4,4,,No,,,,No,No,No,No,No,No,No,No,No,,No,,,No,Cable desnudo,Sí,1,Bueno,Herrajes,Sí
123,17/10/2025 10:40,GEOPARK ,TIGANA ,JAC -TGN,J-TE114,44.456.491,-726.608.824,Poste,Concreto,Pullover (Cruce vertical),,1050,2940,Avifauna y aisladores ,Ceramica (Aislador de suspensión),4,4,4,,No,,,,No,No,No,No,No,No,No,Sí,Sí,,No,,,No,Cable desnudo,Cable de guarda,1,Bueno,,Sí
200,18/10/2025 10:06,GEOPARK,JACANA ,JCE - JCC / JP -JCC TR2,JCE-JCC13 Y JP-JCC56,4.368.075,-72.760.525,Poste,Concreto,Retención (Corte),Canadiense,1350,3200,Discos,Ceramica (Aislador de suspensión),8,8,8,,No,,,,No,No,No,No,No,No,No,No,No,,No,,,No,Cable desnudo,Sí,2,Bueno,Herrajes,Sí
201,18/10/2025 10:10,GEOPARK,JACANA ,JCE - JCC / JP -JCC TR2,JCE-JCC12 Y JP-JCC55,43.681.722,-727.595.139,Poste,Concreto,Suspensión,Canadiense,1350,3200,,Ceramica (Aislador de suspensión),4,4,4,,No,,,,No,No,No,No,No,No,No,No,No,,No,,,No,Cable desnudo,Sí,1,Bueno,Herrajes,Sí
202,18/10/2025 10:16,GEOPARK,JACANA ,JCE - JCC / JP -JCC TR2,JCE-JCC11 Y JP-JCC54,43.682.389,-727.586.639,Poste,Concreto,Suspensión,Canadiense,1350,3200,,Ceramica (Aislador de suspensión),4,4,4,,No,,,,No,No,No,No,No,No,No,No,No,,No,,,No,Cable desnudo,Sí,1,Bueno,Herrajes,Sí
203,18/10/2025 10:22,GEOPARK,JACANA ,JCE - JCC / JP -JCC TR2,JCE-JCC10 Y JP-JCC53,43.683.333,-727.577.944,Poste,Concreto,Retención (Corte),Canadiense,1350,3200,Discos,Ceramica (Aislador de suspensión),8,8,8,,No,,,,No,No,No,No,No,No,No,No,No,,No,,,No,Cable desnudo,Sí,1,Bueno,Herrajes,Sí
207,18/10/2025 10:53,GEOPARK,JACANA ,JCE - JCC / JP -JCC TR2,JCE-JCC06,43.687.728,-727.539.922,Poste,Concreto,Pullover (Cruce vertical),,1350,2600,,Ceramica (Aislador de suspensión),8,8,8,,No,,,,No,No,No,No,No,No,No,No,No,,No,,,No,Cable desnudo,Sí,1,Bueno,Herrajes,Sí
204,18/10/2025 10:28,GEOPARK,JACANA ,JCE - JCC / JP -JCC TR2,JCE-JCC09 Y JP-JCC52,43.683.833,-727.569.611,Poste,Concreto,Suspensión,Canadiense,1350,3200,,Ceramica (Aislador de suspensión),4,4,4,,No,,,,No,No,No,No,No,No,No,No,No,,No,,,No,Cable desnudo,Sí,1,Bueno,Herrajes,Sí
19,15/10/2025 8:37,GEOPARK ,JACANA,JAC - JCB,PórticoDerivaciónTiguieste,4.401.028,-7.272.176,Poste,Concreto,Retención (Corte),Otro,1350,2990,,Ceramica (Aislador de suspensión),4,4,4,,Sí,2,2,2,Sí,Sí,No,Sí,Sí,Sí,Sí,No,No,,No,,,No,Cable desnudo,Cable de guarda,5,Bueno,,Sí
206,18/10/2025 10:43,GEOPARK,JACANA ,JCE - JCC / JP -JCC TR2,JCE-JCC07 Y JP-JCC50,43.686.266,-72.754.977,Poste,Concreto,Retención (Corte),Canadiense,1350,3200,Discos,Ceramica (Aislador de suspensión),8,8,8,,No,,,,No,No,No,No,No,No,No,Sí,No,,No,,,No,Cable desnudo,Sí,1,Bueno,Herrajes,Sí
211,18/10/2025 11:04,GEOPARK,JACANA ,JCE - JCC / JP -JCC TR2,JCE-JCC5A,4.369.025,-727.542.083,Poste,Concreto,Suspensión,Bandera (Volada),1050,2300,,Ceramica (Aislador de suspensión),4,4,4,,No,,,,No,No,No,No,No,No,No,No,No,Pararrayos SIPRA,No,,,No,Cable desnudo,Sí,1,Bueno,Herrajes,Sí
212,18/10/2025 11:06,GEOPARK,JACANA ,JCE - JCC / JP -JCC TR2,JCE-JCC05,43.693.222,-727.544.667,Poste,Concreto,Pullover (Cruce vertical),,1350,2600,,Ceramica (Aislador de suspensión),8,8,8,,No,,,,No,No,No,No,No,No,No,No,No,,No,,,No,Cable desnudo,Sí,1,Bueno,Herrajes,Sí
213,18/10/2025 11:07,GEOPARK,JACANA ,JCE - JCC / JP -JCC TR2,JCE-JCC04,4.369.775,-727.542.861,Poste,Concreto,Pullover (Cruce vertical),,1350,2600,,Ceramica (Aislador de suspensión),8,8,8,,No,,,,No,No,No,No,No,No,No,No,No,,No,,,No,Cable desnudo,Sí,1,Bueno,Herrajes,Sí
214,18/10/2025 11:10,GEOPARK,JACANA ,JCE - JCC / JP -JCC TR2,JCE-JCC03,43.703.194,-727.540.972,Poste,Concreto,Suspensión,Canadiense,1050,2300,,Ceramica (Aislador de suspensión),4,4,4,,No,,,,No,No,No,No,No,No,No,No,No,,No,,,No,No,,,,,Sí
215,18/10/2025 11:13,GEOPARK,JACANA ,JCE - JCC / JP -JCC TR2,JCE-JCC02,4.370.858,-72.753.557,Poste,Concreto,Pullover (Cruce vertical),,1350,2600,,Ceramica (Aislador de suspensión),8,8,8,,No,,,,No,No,No,No,No,No,No,No,No,,No,,,No,Cable desnudo,Sí,1,Bueno,Herrajes,Sí
216,18/10/2025 11:16,GEOPARK,JACANA ,JCE - JCC / JP -JCC TR2,JCE-JCC01,4.370.628,-72.753.303,Poste,Concreto,Pullover (Cruce vertical),,1350,2600,,Ceramica (Aislador de suspensión),8,8,8,,No,,,,No,No,No,No,No,No,No,No,No,,No,,,No,Cable desnudo,Sí,1,Bueno,Herrajes,Sí
187,18/10/2025 9:22,GEOPARK,JACANA ,JCE - JCC / JP -JCC TR2,JCE-JCC25 Y JP-JCC68,,,,,,,,,,,,,,,,,,,,,,,,,,,,,,,,,,,,,,
14,15/10/2025 8:07,GEOPARK,JACANA ,JCB - TIE / TISE - TIE TR3,JCB-TIE33,43.815.769,-727.032.628,Poste,Concreto,Retención (Corte),Bandera (Volada),1350,2990,Aislador y disco,Ceramica (Aislador de suspensión),8,8,8,,No,,,,No,No,No,No,No,No,No,No,No,,No,,,No,Cable desnudo,Sí,2,Bueno,Herrajes,Sí
15,15/10/2025 8:16,GEOPARK,JACANA ,JCB - TIE / TISE - TIE TR3,JCB-TIE32,4.381.596,-72.704.077,Poste,Concreto,Pullover (Cruce vertical),,1350,3200,Discos,Ceramica (Aislador de suspensión),8,8,8,,No,,,,No,No,No,No,No,No,No,No,No,,No,,,No,Cable desnudo,Sí,1,bueno,Herrajes,Sí
16,15/10/2025 8:22,GEOPARK,JACANA ,JCB - TIE / TISE - TIE TR3,JCB-TIE31,4.381.994,-72.704.755,Poste,Concreto,Retención (Corte),Canadiense,1350,2990,Discos,Ceramica (Aislador de suspensión),8,8,8,,No,,,,No,No,No,No,No,No,No,No,No,,No,,,No,Cable desnudo,Sí,1,Bueno,Herrajes,Sí
17,15/10/2025 8:28,GEOPARK,JACANA ,JCB - TIE / TISE - TIE TR3,JCB-TIE30,43.825,-72.705.417,Poste,Concreto,Suspensión,Canadiense,1350,2990,,Ceramica (Aislador de suspensión),4,4,4,,No,,,,No,No,No,No,No,No,No,No,No,,No,,,No,Cable desnudo,Sí,1,Bueno,Herrajes,Sí
18,15/10/2025 8:34,GEOPARK,JACANA ,JCB - TIE / TISE - TIE TR3,JCB-TIE29,4.382.961,-72.706.072,Poste,Concreto,Retención (Corte),Canadiense,1350,2990,Discos,Ceramica (Aislador de suspensión),8,8,8,,No,,,,No,No,No,No,No,No,No,No,No,,No,,,No,Cable desnudo,Sí,1,Bueno,Herrajes,Sí
355,21/10/2025 12:46,GEOPARK ,TIGANA ,TGN-TGB,TB-TA01,4.451.878,-72.670.592,Poste,Concreto,Terminal (Remate),Triangular,1350,2990,Avifauna y aisladores,Ceramica (Aislador de suspensión),4,4,4,,Sí,1,1,1,Sí,No,No,No,No,No,No,No,No,,Sí,Seccionamiento,IMC,Sí,Cable desnudo,Cable de guarda,1,Bueno,,Sí
20,15/10/2025 8:45,GEOPARK,JACANA ,JCB - TIE / TISE - TIE TR3,JCB-TIE27,4.383.923,-72.707.386,Poste,Concreto,Suspensión,Canadiense,1350,3200,Pie de amigo,Ceramica (Aislador de suspensión),4,4,4,,No,,,,No,No,No,No,No,No,No,No,No,,No,,,No,Cable desnudo,Sí,1,Bueno,Herrajes,Sí
21,15/10/2025 8:51,GEOPARK,JACANA ,JCB - TIE / TISE - TIE TR3,JCB-TIE26,4.384.387,-72.708.011,Poste,Concreto,Retención (Corte),Derivación (Cruce doble remate),1350,2990, Discos y pie de amigo,Ceramica (Aislador de suspensión),8,8,8,,No,,,,No,No,No,No,No,No,No,No,No,,No,,,No,Cable desnudo,Sí,1,Bueno,Herrajes,Sí
40,15/10/2025 11:00,GEOPARK ,JACANA,JCB - TIE,JCB-TIEE01,4.400.804,-72.721.588,Poste,Concreto,Retención (Corte),Bandera (Volada),1350,2990,con aisladores ,Ceramica (Aislador de suspensión),4,4,4,,No,,,,No,No,No,No,No,No,No,No,No,,No,,,No,Cable desnudo,Cable de guarda,1,Bueno,,Sí
41,15/10/2025 11:06,GEOPARK ,JACANA,JCB - TIE,JCB-TIEE02,4.400.796,-72.720.839,Poste,Concreto,Retención (Corte),Canadiense,1350,2990,,Ceramica (Aislador de suspensión),4,4,4,,No,,,,No,No,No,No,No,No,No,No,No,,No,,,No,Cable desnudo,Cable de guarda,1,Bueno,,Sí
22,15/10/2025 9:00,GEOPARK,JACANA ,JCB - TIE,JCB-TIE25,4.384.797,-72.708.405,Poste,Concreto,Suspensión,Canadiense,1350,3200,,Ceramica (Aislador de suspensión),4,4,4,,No,,,,No,No,No,No,No,No,No,No,No,,No,,,No,Cable desnudo,Sí,1,Bueno,Herrajes,Sí
378,21/10/2025 13:43,GEOPARK ,TIGANA ,TGN-TGB,TB-TA14,4.456.346,-72.664.079,Poste,Concreto,Retención (Corte),Canadiense,1350,2990,Avifauna y aisladores,Ceramica (Aislador de suspensión),4,4,4,,No,,,,No,No,No,No,No,No,No,No,No,,No,,,No,Cable desnudo,Cable de guarda,1,Bueno,,Sí
24,15/10/2025 9:14,GEOPARK,JACANA ,JCB - TIE,JCB-TIE23,4.386.123,-72.709.071,Poste,Concreto,Retención (Corte),Canadiense,1350,2600,Discos,Ceramica (Aislador de suspensión),8,8,8,,No,,,,No,No,No,No,No,No,No,No,No,,No,,,No,Cable desnudo,Sí,1,Bueno,Herrajes,Sí
25,15/10/2025 9:19,GEOPARK,JACANA ,JCB - TIE,JCB-TIE22,43.867.891,-72.709.496,Poste,Concreto,Suspensión,Canadiense,1050,2300,,Ceramica (Aislador de suspensión),4,4,4,,No,,,,No,No,No,No,No,No,No,No,No,,No,,,No,Cable desnudo,Sí,1,Bueno,Herrajes,Sí
26,15/10/2025 9:27,GEOPARK,JACANA ,JCB - TIE,JCB-TIE21,43.876.105,-727.099.546,Poste,Concreto,Suspensión,Canadiense,1050,2300,,Ceramica (Aislador de suspensión),4,4,4,,No,,,,No,No,No,No,No,No,No,No,No,,No,,,No,Cable desnudo,Sí,1,Bueno,Herrajes,Sí
27,15/10/2025 9:29,GEOPARK,JACANA ,JCB - TIE,JCB-TIE20,4.388.426,-72.710.399,Poste,Concreto,Suspensión,Canadiense,1050,2300,,Ceramica (Aislador de suspensión),4,4,4,,No,,,,No,No,No,No,No,No,No,No,No,,No,,,No,Cable desnudo,Sí,1,Bueno,Herrajes,Sí
28,15/10/2025 9:42,GEOPARK,JACANA ,JCB - TIE,JCB-TIE19,4.389.247,-72.710.882,Poste,Concreto,Retención (Corte),Canadiense,1350,2600,Discos,Ceramica (Aislador de suspensión),8,8,8,,No,,,,No,No,No,No,No,No,No,No,No,,No,,,No,Cable desnudo,Sí,1,Bueno,Herrajes,Sí
400,21/10/2025 14:33,GEOPARK ,TIGANA ,TGN-TGB,TB-TA25,4.460.411,-72.658.143,Poste,Concreto,Pullover (Cruce vertical),,1350,3410,Avifauna y aislador,Ceramica (Aislador de suspensión),4,4,4,,Sí,1,1,1,Sí,No,No,No,No,No,No,No,No,,Sí,Seccionamiento,IMC,Sí,Cable desnudo,Cable de guarda,1,Bueno,,Sí
30,15/10/2025 9:54,GEOPARK,JACANA ,JCB - TIE,JCB-TIE17,4.390.584,-72.712.029,Poste,Concreto,Retención (Corte),Canadiense,1350,2600,Discos,Ceramica (Aislador de suspensión),8,8,8,,No,,,,No,No,No,No,No,No,No,No,No,,No,,,No,Cable desnudo,Sí,1,Bueno,Herrajes,Sí
31,15/10/2025 10:02,GEOPARK,JACANA ,JCB - TIE,JCB-TIE16,439.132,-72.712.559,Poste,Concreto,Suspensión,Canadiense,1050,2300,,Ceramica (Aislador de suspensión),4,4,4,,No,,,,No,No,No,No,No,No,No,No,No,,No,,,No,Cable desnudo,Sí,1,Bueno,Herrajes,Sí
32,15/10/2025 10:06,GEOPARK,JACANA ,JCB - TIE,JCB-TIE15,4.392.059,-72.713.102,Poste,Concreto,Retención (Corte),Canadiense,1350,2600,Discos,Ceramica (Aislador de suspensión),8,8,8,,No,,,,No,No,No,No,No,No,No,Sí,No,,No,,,No,Cable desnudo,Sí,1,Bueno,Herrajes,Sí
294,20/10/2025 14:48,GEOPARK,JACANA ,TIG -TISE / TISE - TIE TR1,TIG-TISE14 Y TSE-TIE26,43.667.793,-72.717.943,Poste,Concreto,Suspensión,Canadiense,1350,2990,,Ceramica (Aislador de suspensión),8,8,8,,No,,,,No,No,No,No,No,No,No,No,No,,No,,,No,Cable desnudo,Sí,1,Bueno,Herrajes,Sí
34,15/10/2025 10:18,GEOPARK,JACANA ,JCB - TIE,JCB-TIE13,4.394.151,-72.714.192,Poste,Concreto,Retención (Corte),Canadiense,1050,2300,Discos,Ceramica (Aislador de suspensión),8,8,8,,No,,,,No,No,No,No,No,No,No,No,No,,No,,,No,Cable desnudo,Sí,1,Bueno,Herrajes,Sí
399,21/10/2025 14:32,GEOPARK ,TIGANA ,TGN-TGB,TB-TA26,4.460.721,-72.657.842,Poste,Concreto,Retención (Corte),Triangular,1350,3410,Avifauna y aislador,Ceramica (Aislador de suspensión),4,4,4,,Sí,1,1,1,Sí,No,No,No,No,No,No,No,No,,Sí,Seccionamiento,IMC,Sí,Cable desnudo,Cable de guarda,1,Bueno,,Sí
36,15/10/2025 10:41,GEOPARK,JACANA ,JCB - TIE,JCB-TIE11,4.395.792,-72.715.091,Poste,Concreto,Suspensión,Canadiense,1050,2300,,Ceramica (Aislador de suspensión),4,4,4,,No,,,,No,No,No,No,No,No,No,No,No,,No,,,No,Cable desnudo,Sí,1,Bueno,Herrajes,Sí
37,15/10/2025 10:53,GEOPARK,JACANA ,JCB - TIE,JCB-TIE10,4.396.678,-72.715.578,Poste,Concreto,Retención (Corte),Canadiense,1350,2600,Discos,Ceramica (Aislador de suspensión),8,8,8,,No,,,,No,No,No,No,No,No,No,No,No,,No,,,No,Cable desnudo,Sí,1,Bueno,Herrajes,Sí
38,15/10/2025 10:59,GEOPARK,JACANA ,JCB - TIE,JCB-TIE9,4.397.481,-72.716.102,Poste,Concreto,Suspensión,Canadiense,1050,2300,,Ceramica (Aislador de suspensión),4,4,4,,No,,,,No,No,No,No,No,No,No,No,No,,No,,,No,Cable desnudo,Sí,1,Bueno,Herrajes,Sí
42,15/10/2025 11:11,GEOPARK ,JACANA,JCB - TIE,JCB-TIEE03,4.400.452,-72.720.107,Poste,Concreto,Suspensión,Canadiense,1350,2990,,Ceramica (Aislador de suspensión),4,4,4,,No,,,,No,No,No,No,No,No,No,No,No,,No,,,No,Cable desnudo,Cable de guarda,1,Bueno,,Sí
43,15/10/2025 11:14,GEOPARK ,JACANA,JCB - TIE,JCB-TIEE04,4.400.108,-72.719.367,Poste,Concreto,Retención (Corte),Canadiense,1350,2990,,Ceramica (Aislador de suspensión),4,4,4,,No,,,,No,No,No,No,No,No,No,No,No,,No,,,No,Cable desnudo,Cable de guarda,1,Bueno,,Sí
44,15/10/2025 11:17,GEOPARK ,JACANA,JCB - TIE,JCB-TIEE05,439.976,-7.271.863,Poste,Concreto,Suspensión,Canadiense,1350,2990,,Ceramica (Aislador de suspensión),4,4,4,,No,,,,No,No,No,No,No,No,No,No,No,,No,,,No,Cable desnudo,Cable de guarda,1,Bueno,,Sí
45,15/10/2025 11:24,GEOPARK ,JACANA,JCB - TIE,JCB-TIEE06,4.399.433,-72.717.905,Poste,Concreto,Suspensión,Canadiense,1350,2990,,Ceramica (Aislador de suspensión),4,4,4,,No,,,,No,No,No,No,No,No,No,No,No,,No,,,No,Cable desnudo,Cable de guarda,1,Bueno,,Sí
281,20/10/2025 13:52,GEOPARK,JACANA ,TIG -TISE / TISE - TIE TR1,TIG-TISE04 Y TSE-TIE36,4.371.055,-72.718.879,Poste,Concreto,Retención (Corte),Canadiense,1350,2300,Discos,Ceramica (Aislador de suspensión),8,8,8,,Sí,2,2,2,No,No,No,No,No,No,No,No,No,Porta DPS,No,,,No,Cable desnudo,Sí,1,Bueno,Herrajes,Sí
47,15/10/2025 11:30,GEOPARK ,JACANA,JCB - TIE,JCB-TIEE08,4.398.251,-72.716.612,Poste,Concreto,Suspensión,Canadiense,1350,2990,,Ceramica (Aislador de suspensión),4,4,4,,No,,,,No,No,No,No,No,No,No,No,No,,No,,,No,Cable desnudo,Cable de guarda,1,Bueno,,Sí
285,20/10/2025 14:11,GEOPARK,JACANA ,TIG -TISE / TISE - TIE TR1,TIG-TISE08 Y TSE-TIE32,4.367.724,-72.720.971,Poste,Concreto,Suspensión,Canadiense,1350,3200,,Ceramica (Aislador de suspensión),8,8,8,,Sí,2,2,2,No,No,No,No,No,No,No,No,No,Porta DPS,No,,,No,Cable desnudo,Sí,1,Bueno,Herrajes,Sí
172,17/10/2025 15:50,GEOPARK,JACANA ,JAC -TGN,J-T02,43.882.222,-727.235.889,Poste,Concreto,Pullover (Cruce vertical),,1350,2990,Discos,Ceramica (Aislador de suspensión),8,8,8,,No,,,,No,No,No,No,No,No,No,No,No,,No,,,No,Cable desnudo,Sí,1,Bueno,Herrajes,Sí
171,17/10/2025 15:48,GEOPARK,JACANA ,JAC -TGN,J-T03,4.389.178,-72.723.497,Poste,Concreto,Suspensión,Triangular,1350,2990,,Ceramica (Aislador de suspensión),4,4,4,,No,,,,No,No,No,No,No,No,No,No,No,,No,,,No,Cable desnudo,Sí,1,Bueno,Herrajes,Sí
170,17/10/2025 15:45,GEOPARK,JACANA ,JAC -TGN,J-T04,4.390.536,-72.723.363,Poste,Concreto,Suspensión,Triangular,1350,2990,,Ceramica (Aislador de suspensión),4,4,4,,No,,,,No,No,No,No,No,No,No,No,No,,No,,,No,Cable desnudo,Sí,1,Bueno,Herrajes,Sí
169,17/10/2025 15:38,GEOPARK,JACANA ,JAC -TGN,J-T05,4.391.668,-72.723.294,Poste,Concreto,Suspensión,Triangular,1350,2990,,Ceramica (Aislador de suspensión),4,4,4,,No,,,,No,No,No,No,No,No,No,No,No,,No,,,No,Cable desnudo,Sí,1,Bueno,Herrajes,Sí
293,20/10/2025 14:44,GEOPARK,JACANA ,TIG -TISE / TISE - TIE TR1,TIG-TISE13 Y TSE-TIE27,4.366.522,-72.718.823,Poste,Concreto,Suspensión,Canadiense,1350,2600,,Ceramica (Aislador de suspensión),8,8,8,,Sí,2,2,2,No,No,No,No,No,No,No,No,No,Porta DPS,No,,,No,Cable desnudo,Sí,1,Bueno,Herrajes,Sí
167,17/10/2025 15:30,GEOPARK,JACANA ,JAC -TGN,J-T07,43.935.417,-727.229.556,Poste,Concreto,Suspensión,Triangular,1350,2990,,Ceramica (Aislador de suspensión),4,4,4,,No,,,,No,No,No,No,No,No,No,No,No,,No,,,No,Cable desnudo,Sí,1,Bueno,Herrajes,Sí
166,17/10/2025 15:26,GEOPARK,JACANA ,JAC -TGN,J-T08,43.945.583,-727.229.389,Poste,Concreto,Suspensión,Triangular,1350,2990,,Ceramica (Aislador de suspensión),4,4,4,,No,,,,No,No,No,No,No,No,No,No,No,,No,,,No,Cable desnudo,Sí,1,Bueno,Herrajes,Sí
165,17/10/2025 15:21,GEOPARK,JACANA ,JAC -TGN,J-T09,4.395.751,-72.722.763,Poste,Concreto,Suspensión,Triangular,1350,2990,,Ceramica (Aislador de suspensión),4,4,4,,No,,,,No,No,No,No,No,No,No,No,No,,No,,,No,Cable desnudo,Sí,1,Bueno,Herrajes,Sí
164,17/10/2025 15:18,GEOPARK,JACANA ,JAC -TGN,J-T10,43.968.278,-727.226.472,Poste,Concreto,Suspensión,Triangular,1050,2940,,Ceramica (Aislador de suspensión),4,4,4,,No,,,,No,No,No,No,No,No,No,No,No,,No,,,No,Cable desnudo,Sí,1,Bueno,Herrajes,Sí
163,17/10/2025 15:15,GEOPARK,JACANA ,JAC -TGN,J-T11,43.977.694,-727.224.833,Poste,Concreto,Retención (Corte),Triangular,1350,2940,Discos,Ceramica (Aislador de suspensión),8,12,8,,No,,,,No,No,No,No,No,No,No,No,No,,No,,,No,Cable desnudo,Sí,1,Bueno,Herrajes,Sí
136,17/10/2025 15:47,GEOPARK,TIGANA ,JAC -TGN,J-T115,44.459.467,-726.607.233,Poste,Concreto,Pullover (Cruce vertical),,1350,3000,Avifauna oxidada y aisladores,Ceramica (Aislador de suspensión),4,4,4,,No,,,,No,No,No,No,No,No,No,No,No,,No,,,No,Cable desnudo,Cable de guarda,1,Bueno,,Sí
162,17/10/2025 15:09,GEOPARK,JACANA ,JAC -TGN,J-T12,43.987.472,-727.224.583,Poste,Concreto,Suspensión,Triangular,1050,2940,,Ceramica (Aislador de suspensión),4,4,4,,No,,,,No,No,No,No,No,No,No,No,No,,No,,,No,Cable desnudo,Sí,1,Bueno,Herrajes,Sí
161,17/10/2025 15:04,GEOPARK,JACANA ,JAC -TGN,J-T13,4.399.827,-72.722.213,Poste,Concreto,Suspensión,Triangular,1050,2940,,Ceramica (Aislador de suspensión),4,4,4,,No,,,,No,No,No,No,No,No,No,No,No,,No,,,No,Cable desnudo,Sí,1,Bueno,Herrajes,Sí
317,21/10/2025 9:29,GEOPARK,JACANA ,TIG -TISE / TISE - TIE TR1,TIG-TISE26 Y TSE-TIE14,43.671.808,-727.070.634,Poste,Concreto,Retención (Corte),Canadiense,1350,2990,Discos,Ceramica (Aislador de suspensión),16,16,16,,No,,,,No,No,No,No,No,No,No,Sí,No,,No,,,No,Cable desnudo,Sí,1,Bueno,Herrajes,Sí
159,17/10/2025 14:54,GEOPARK,JACANA ,JAC -TGN,J-T15,4.401.677,-72.721.914,Poste,Concreto,Retención (Corte),Triangular,1350,2990,Discos,Ceramica (Aislador de suspensión),8,12,8,,No,,,,No,No,No,No,No,No,No,No,No,,No,,,No,Cable desnudo,Sí,1,Bueno,Herrajes,Sí
158,17/10/2025 14:50,GEOPARK,JACANA ,JAC -TGN,J-T16,4.402.322,-72.721.733,Poste,Concreto,Suspensión,Triangular,1350,2990,,Ceramica (Aislador de suspensión),4,4,4,,No,,,,No,No,No,No,No,No,No,No,No,,No,,,No,Cable desnudo,Sí,1,Bueno,Herrajes,Sí
70,16/10/2025 8:14,GEOPARK,JACANA ,JAC -TGN,J-T17,4.403.008,-72.721.535,Poste,Concreto,Pullover (Cruce vertical),,1050,2990,Discos,Ceramica (Aislador de suspensión),8,8,8,,No,,,,No,No,No,No,No,No,No,No,No,,No,,,No,Cable desnudo,Sí,1,Bueno,Herrajes,Sí
69,16/10/2025 8:10,GEOPARK,JACANA ,JAC -TGN,J-T18,440.361,-72.721.916,Poste,Concreto,Pullover (Cruce vertical),,1050,2990,Discos,Ceramica (Aislador de suspensión),8,8,8,,No,,,,No,No,No,No,No,No,No,No,No,,No,,,No,Cable desnudo,Sí,1,Bueno,Herrajes,Sí
68,16/10/2025 8:06,GEOPARK,JACANA ,JAC -TGN,J-T19,4.404.305,-72.721.704,Poste,Concreto,Suspensión,Triangular,1050,2940,,Ceramica (Aislador de suspensión),4,4,4,,No,,,,No,No,No,No,No,No,No,No,No,,No,,,No,Cable desnudo,Sí,1,Bueno,Herrajes,Sí
67,16/10/2025 7:59,GEOPARK,JACANA ,JAC -TGN,J-T20,4.404.956,-72.721.587,Poste,Concreto,Pullover (Cruce vertical),,1350,2300,Discos,Ceramica (Aislador de suspensión),8,8,8,,No,,,,No,No,No,No,No,No,No,No,No,,No,,,No,Cable desnudo,Sí,1,Bueno,Herrajes,Sí
66,16/10/2025 7:51,GEOPARK,JACANA ,JAC -TGN,J-T21,4.404.779,-72.721.237,Poste,Concreto,Pullover (Cruce vertical),,1350,2300,Discos,Ceramica (Aislador de suspensión),8,8,8,,No,,,,No,No,No,No,No,No,No,No,No,,No,,,No,Cable desnudo,Sí,1,Bueno,Herrajes,Sí
65,16/10/2025 7:48,GEOPARK,JACANA ,JAC -TGN,J-T22,4.404.768,-72.721.035,Poste,Concreto,Pullover (Cruce vertical),,1350,2300,Discos,Ceramica (Aislador de suspensión),8,8,8,,No,,,,No,No,No,No,No,No,No,No,No,,No,,,No,Cable desnudo,Sí,1,Bueno,Herrajes,Sí
64,16/10/2025 7:44,GEOPARK,JACANA ,JAC -TGN,J-T23,4.405.347,-7.272.099,Poste,Concreto,Suspensión,Triangular,1350,2300,,Ceramica (Aislador de suspensión),4,4,4,,No,,,,No,No,No,No,No,No,No,No,No,,No,,,No,Cable desnudo,Sí,1,Bueno,Herrajes,Sí
63,16/10/2025 7:38,GEOPARK,JACANA ,JAC -TGN,J-T24,4.405.928,-72.720.956,Poste,Concreto,Retención (Corte),Triangular,1350,2300,Discos,Ceramica (Aislador de suspensión),8,12,8,,No,,,,No,No,Sí,No,No,No,No,No,No,,No,,,No,Cable desnudo,Sí,1,Bueno,Herrajes,Sí
62,16/10/2025 7:31,GEOPARK,JACANA ,JAC -TGN,J-T25,4.406.618,-72.721.022,Poste,Concreto,Retención (Corte),Triangular,1350,2300,Discos,Ceramica (Aislador de suspensión),8,12,8,,No,,,,No,No,Sí,No,No,No,No,No,No,,No,,,No,Cable desnudo,Sí,1,Bueno,Herrajes,Sí
127,17/10/2025 8:02,GEOPARK,JACANA ,JAC -TGN,J-T26,440.761,-72.721.534,Poste,Concreto,Suspensión,Triangular,1050,2940,,Ceramica (Aislador de suspensión),4,4,4,,No,,,,No,No,No,No,No,No,No,No,No,,No,,,No,Cable desnudo,Sí,1,Bueno,Herrajes,Sí
128,17/10/2025 8:05,GEOPARK,JACANA ,JAC -TGN,J-T27,4.408.503,-72.721.983,Poste,Concreto,Suspensión,Triangular,1050,2940,,Ceramica (Aislador de suspensión),4,4,4,,No,,,,No,No,No,No,No,No,No,No,No,,No,,,No,Cable desnudo,Sí,1,Bueno,Herrajes,Sí
129,17/10/2025 8:09,GEOPARK,JACANA ,JAC -TGN,J-T28,4.409.374,-72.722.432,Poste,Concreto,Suspensión,Triangular,1050,2940,,Ceramica (Aislador de suspensión),4,4,4,,No,,,,No,No,No,No,No,No,No,No,No,,No,,,No,Cable desnudo,Sí,1,Bueno,Herrajes,Sí
130,17/10/2025 8:14,GEOPARK,JACANA ,JAC -TGN,J-T29,4.410.247,-7.272.288,Poste,Concreto,Pullover (Cruce vertical),,1050,2940,Discos,Ceramica (Aislador de suspensión),8,8,8,,No,,,,No,No,No,No,No,No,No,No,No,,No,,,No,Cable desnudo,Sí,1,Bueno,Herrajes,Sí
131,17/10/2025 8:19,GEOPARK,JACANA ,JAC -TGN,J-T30,441.117,-72.722.332,Poste,Concreto,Suspensión,Triangular,1050,2940,,Ceramica (Aislador de suspensión),4,4,4,,No,,,,No,No,No,No,No,No,No,No,No,,No,,,No,Cable desnudo,Sí,1,Bueno,Herrajes,Sí
132,17/10/2025 8:22,GEOPARK,JACANA ,JAC -TGN,J-T31,4.412.099,-72.721.775,Poste,Concreto,Suspensión,Triangular,1350,2990,,Ceramica (Aislador de suspensión),4,4,4,,No,,,,No,No,No,No,No,No,No,No,No,,No,,,No,Cable desnudo,Sí,1,Bueno,Herrajes,Sí
133,17/10/2025 8:25,GEOPARK,JACANA ,JAC -TGN,J-T32,4.412.781,-72.721.353,Poste,Concreto,Suspensión,Triangular,1350,2940,,Ceramica (Aislador de suspensión),4,4,4,,No,,,,No,No,No,No,No,No,No,No,No,,No,,,No,Cable desnudo,Sí,1,Bueno,Herrajes,Sí
134,17/10/2025 8:29,GEOPARK,JACANA ,JAC -TGN,J-T33,441.347,-7.272.093,Poste,Concreto,Retención (Corte),Triangular,1350,2940,Sueltos - flojos ,Ceramica (Aislador de suspensión),8,12,8,,No,,,,No,No,No,No,No,No,No,No,No,,No,,,No,Cable desnudo,Sí,1,Bueno,Herrajes,Sí
135,17/10/2025 8:34,GEOPARK,JACANA ,JAC -TGN,J-T34,4.414.403,-72.720.368,Poste,Concreto,Suspensión,Triangular,1350,2990,,Ceramica (Aislador de suspensión),4,4,4,,No,,,,No,No,No,No,No,No,No,No,No,,No,,,No,Cable desnudo,Sí,1,Bueno,Herrajes,Sí
136,17/10/2025 8:37,GEOPARK,JACANA ,JAC -TGN,J-T35,4.415.176,-72.719.901,Poste,Concreto,Suspensión,Triangular,1350,2990,,Ceramica (Aislador de suspensión),4,4,4,,No,,,,No,No,No,No,No,No,No,No,No,,No,,,No,Cable desnudo,Sí,1,Bueno,Herrajes,Sí
137,17/10/2025 8:41,GEOPARK,JACANA ,JAC -TGN,J-T36,44.159.389,-727.195.278,Poste,Concreto,Retención (Corte),Triangular,1350,2990,Discos,Ceramica (Aislador de suspensión),12,12,8,,No,,,,No,No,No,No,No,No,No,No,No,,No,,,No,Cable desnudo,Sí,1,Bueno,Herrajes,Sí
138,17/10/2025 8:46,GEOPARK,JACANA ,JAC -TGN,J-T37,44.167.187,-727.188.449,Poste,Concreto,Suspensión,Triangular,1350,2990,,Ceramica (Aislador de suspensión),4,4,4,,No,,,,No,No,No,No,No,No,No,No,No,,No,,,No,Cable desnudo,Sí,1,Bueno,Herrajes,Sí
139,17/10/2025 8:50,GEOPARK,JACANA ,JAC -TGN,J-T38,44.173.784,-727.181.442,Poste,Concreto,Retención (Corte),Triangular,1350,2990,Discos,Ceramica (Aislador de suspensión),8,8,8,,No,,,,No,No,No,No,No,No,No,No,No,,No,,,No,Cable desnudo,Sí,1,Bueno,Herrajes,Sí
140,17/10/2025 8:57,GEOPARK,JACANA ,JAC -TGN,J-T39,44.181.734,-727.173.457,Poste,Concreto,Suspensión,Triangular,1350,2990,,Ceramica (Aislador de suspensión),4,4,4,,No,,,,No,No,No,No,No,No,No,No,No,,No,,,No,Cable desnudo,Sí,1,Bueno,Herrajes,Sí
141,17/10/2025 9:03,GEOPARK,JACANA ,JAC -TGN,J-T40,4.419.039,-7.271.654,Poste,FRP (PlÃ¡stico reforzado con fibra de vidrio),Suspensión,Triangular,1350,392,,Ceramica (Aislador de suspensión),4,4,4,,No,,,,No,No,No,No,No,No,No,No,No,,No,,,No,Cable desnudo,Sí,1,Bueno,Herrajes,Sí
142,17/10/2025 9:10,GEOPARK,JACANA ,JAC -TGN,J-T41,4.419.811,-72.715.789,Poste,FRP (PlÃ¡stico reforzado con fibra de vidrio),Retención (Corte),Triangular,1350,392,Discos,Ceramica (Aislador de suspensión),8,8,8,,No,,,,No,No,No,No,No,No,No,No,No,,No,,,No,Cable desnudo,Sí,1,Bueno,Herrajes,Sí
143,17/10/2025 9:13,GEOPARK,JACANA ,JAC -TGN,J-T42,4.420.638,-72.715.019,Poste,FRP (PlÃ¡stico reforzado con fibra de vidrio),Suspensión,Triangular,1350,392,,Ceramica (Aislador de suspensión),4,4,4,,No,,,,No,No,No,No,No,No,No,No,No,,No,,,No,Cable desnudo,Sí,1,Bueno,Herrajes,Sí
144,17/10/2025 9:18,GEOPARK,JACANA ,JAC -TGN,J-T43,4.421.416,-72.714.271,Poste,FRP (PlÃ¡stico reforzado con fibra de vidrio),Suspensión,Triangular,1350,392,,Ceramica (Aislador de suspensión),4,4,4,,No,,,,No,No,No,No,No,No,No,No,No,,No,,,No,Cable desnudo,Sí,1,Bueno,Herrajes,Sí
145,17/10/2025 9:22,GEOPARK,JACANA ,JAC -TGN,J-T44,4.422.232,-72.713.499,Poste,FRP (PlÃ¡stico reforzado con fibra de vidrio),Retención (Corte),Triangular,1350,392,Discos,Ceramica (Aislador de suspensión),8,8,8,,No,,,,No,No,No,No,No,No,No,No,No,,No,,,No,Cable desnudo,Sí,1,Bueno,Herrajes,Sí
146,17/10/2025 9:26,GEOPARK,JACANA ,JAC -TGN,J-T45,44.228.535,-727.130.897,Poste,FRP (PlÃ¡stico reforzado con fibra de vidrio),Suspensión,Triangular,1350,2990,,Ceramica (Aislador de suspensión),4,4,4,,No,,,,No,No,No,No,No,No,No,No,No,,No,,,No,Cable desnudo,Sí,1,Bueno,Herrajes,Sí
147,17/10/2025 9:30,GEOPARK,JACANA ,JAC -TGN,J-T46,44.237.385,-727.125.705,Poste,FRP (PlÃ¡stico reforzado con fibra de vidrio),Suspensión,Triangular,1350,2990,,Ceramica (Aislador de suspensión),4,4,4,,No,,,,No,No,No,No,No,No,No,No,No,,No,,,No,Cable desnudo,Sí,1,Bueno,Herrajes,Sí
148,17/10/2025 9:36,GEOPARK,JACANA ,JAC -TGN,J-T47,44.246.278,-727.121.417,Poste,FRP (PlÃ¡stico reforzado con fibra de vidrio),Suspensión,Triangular,1350,2990,,Ceramica (Aislador de suspensión),4,4,4,,No,,,,No,No,No,No,No,No,No,No,No,,No,,,No,Cable desnudo,Sí,1,Bueno,Herrajes,Sí
149,17/10/2025 9:39,GEOPARK,JACANA ,JAC -TGN,J-T48,44.256,-727.117,Poste,FRP (PlÃ¡stico reforzado con fibra de vidrio),Suspensión,Triangular,1350,2990,,Ceramica (Aislador de suspensión),4,4,4,,No,,,,No,No,No,No,No,No,No,No,No,,No,,,No,Cable desnudo,Sí,1,Bueno,Herrajes,Sí
150,17/10/2025 9:44,GEOPARK,JACANA ,JAC -TGN,J-T49,4.426.296,-72.711.025,Poste,FRP (PlÃ¡stico reforzado con fibra de vidrio),Retención (Corte),Triangular,1350,2990,Discos,Ceramica (Aislador de suspensión),8,12,8,,No,,,,No,No,No,No,No,No,No,No,No,,No,,,No,Cable desnudo,Sí,1,Bueno,Herrajes,Sí
151,17/10/2025 9:53,GEOPARK,JACANA ,JAC -TGN,J-T50,4.427.096,-72.710.539,Poste,FRP (PlÃ¡stico reforzado con fibra de vidrio),Suspensión,Triangular,1350,2990,,Ceramica (Aislador de suspensión),4,4,4,,No,,,,No,No,No,No,No,No,No,No,No,,No,,,No,Cable desnudo,Sí,1,Bueno,Herrajes,Sí
152,17/10/2025 9:57,GEOPARK,JACANA ,JAC -TGN,J-T51,4.428.058,-72.709.949,Poste,FRP (PlÃ¡stico reforzado con fibra de vidrio),Suspensión,Triangular,1350,2990,,Ceramica (Aislador de suspensión),8,8,8,,No,,,,No,No,No,No,No,No,No,No,No,,No,,,No,Cable desnudo,Sí,1,Bueno,Herrajes,Sí
153,17/10/2025 10:01,GEOPARK,JACANA ,JAC -TGN,J-T52,442.891,-72.709.435,Poste,FRP (PlÃ¡stico reforzado con fibra de vidrio),Suspensión,Triangular,1350,2990,,Ceramica (Aislador de suspensión),4,4,4,,No,,,,No,No,No,No,No,No,No,No,No,,No,,,No,Cable desnudo,Sí,1,Bueno,Herrajes,Sí
154,17/10/2025 10:05,GEOPARK,JACANA ,JAC -TGN,J-T53,4.429.899,-72.708.827,Poste,Concreto,Pullover (Cruce vertical),,1350,2990,,Ceramica (Aislador de suspensión),8,8,8,,No,,,,No,No,No,No,No,No,No,No,No,,No,,,No,Cable desnudo,Sí,1,Bueno,Herrajes,Sí
155,17/10/2025 10:09,GEOPARK,JACANA ,JAC -TGN,J-T54,4.430.121,-727.080.909,Poste,FRP (PlÃ¡stico reforzado con fibra de vidrio),Suspensión,Marco Doble,1350,2990,Discos,Ceramica (Aislador de suspensión),4,4,4,,No,,,,No,No,No,No,No,No,No,No,No,,No,,,No,Cable desnudo,Sí,1,Bueno,Herrajes,Sí
157,17/10/2025 10:23,GEOPARK,JACANA ,JAC -TGN,J-T55,4.430.269,-72.707.223,Torrecilla,MetÃ¡licos,Paso (Tangente),Horizontal,1350,2990,,Ceramica (Aislador de suspensión),8,8,8,,No,,,,No,No,No,No,No,No,No,No,No,,No,,,No,Cable desnudo,Sí,2,Bueno,Herrajes,Sí
181,19/10/2025 10:07,GEOPARK ,TIGANA ,JAC -TGN,J-T56,44.306.977,-727.049.114,Torre,MetÃ¡licos,Retención (Corte),Horizontal,1350,810,Avifauna y aisladores,Ceramica (Aislador de suspensión),4,4,4,,No,,,,No,No,No,No,No,No,No,No,No,,No,,,No,Cable desnudo,Cable de guarda,2,Bueno,,Sí
206,19/10/2025 11:54,GEOPARK ,TIGANA ,JAC -TGN,J-T81,44.369.514,-726.870.903,Poste,Concreto,Retención (Corte),H,1350,3160,Avifauna y aisladores,Ceramica (Aislador de suspensión),8,8,8,,No,,,,No,No,No,No,No,No,No,No,No,,No,,,No,Cable desnudo,Cable de guarda,3,Bueno,,Sí
209,19/10/2025 12:08,GEOPARK ,TIGANA ,JAC -TGN,J-T84,44.360.735,-726.836.112,Poste,Concreto,Suspensión,Triangular,1350,3160,,Ceramica (Aislador de suspensión),4,4,4,,No,,,,No,No,No,No,No,No,No,No,No,,No,,,No,Cable desnudo,Cable de guarda,1,Bueno,,Sí
210,19/10/2025 12:13,GEOPARK ,TIGANA ,JAC -TGN,J-T85,44.357.317,-726.825.724,Poste,Concreto,Retención (Corte),Triangular,1350,3160,Avifauna y aisladores,Ceramica (Aislador de suspensión),8,12,8,,No,,,,No,No,No,No,No,No,No,No,No,,No,,,No,Cable desnudo,Cable de guarda,1,Bueno,,Sí
211,19/10/2025 12:16,GEOPARK ,TIGANA ,JAC -TGN,J-T86,44.354.224,-726.815.258,Poste,Concreto,Suspensión,Triangular,1350,3160,,Ceramica (Aislador de suspensión),4,4,4,,No,,,,No,No,No,No,No,No,No,No,No,,No,,,No,Cable desnudo,Cable de guarda,1,Bueno,,Sí
214,19/10/2025 14:02,GEOPARK ,TIGANA ,JAC -TGN,J-T87,44.351.103,-726.807.371,Poste,Concreto,Retención (Corte),Triangular,1350,3160,Avifauna y aisladores,Ceramica (Aislador de suspensión),4,4,4,,No,,,,No,No,No,No,No,No,No,No,No,,No,,,No,Cable desnudo,Cable de guarda,1,Bueno,,Sí
218,19/10/2025 14:28,GEOPARK ,TIGANA ,JAC -TGN,J-T91,4.436.569,-72.677.149,Poste,Concreto,Pullover (Cruce vertical),,1350,2990,3 con avifauna y todos con aisldores,Ceramica (Aislador de suspensión),4,4,4,,No,,,,No,No,No,No,No,No,No,No,No,,No,,,No,Cable desnudo,Cable de guarda,1,Bueno,,Sí
155,18/10/2025 8:08,GEOPARK ,TIGANA ,JAC -TGN,J-T93,44.367,-72.676.229,Poste,Concreto,Retención (Corte),Horizontal,1350,3160,Avifauna y aislador,Ceramica (Aislador de suspensión),4,4,4,,No,,,,No,No,No,No,No,No,No,No,No,,No,,,No,Cable desnudo,Cable de guarda,1,Bueno,,Sí
299,20/10/2025 15:07,GEOPARK,JACANA ,TIG -TISE / TISE - TIE TR1,TIG-TISE18 Y TSE-TIE22,4.365.839,-72.714.847,Poste,Concreto,Retención (Corte),Canadiense,1350,3200,Discos,Ceramica (Aislador de suspensión),8,8,8,,Sí,2,2,2,No,No,No,No,No,No,No,No,No,Porta DPS,No,,,No,Cable desnudo,Sí,1,Bueno,Herrajes,Sí
146,17/10/2025 16:30,GEOPARK ,TIGANA ,JAC -TGN,J-TE100,4.440.863,-72.672.044,Poste,Concreto,Retención (Corte),Triangular,1350,3160,Avifauna y aislador,Ceramica (Aislador de suspensión),4,4,4,,No,,,,No,No,No,No,No,No,No,No,No,,No,,,No,Cable desnudo,Cable de guarda,1,Bueno,,Sí
145,17/10/2025 16:19,GEOPARK ,TIGANA ,JAC -TGN,J-TE101,4.441.281,-72.671.431,Poste,Concreto,Suspensión,Triangular,1350,3160,,Ceramica (Aislador de suspensión),4,4,4,,No,,,,No,No,No,No,No,No,No,No,No,,No,,,No,Cable desnudo,Cable de guarda,1,Bueno,,Sí
142,17/10/2025 16:12,GEOPARK ,TIGANA ,JAC -TGN,J-TE102,4.441.821,-72.670.617,Poste,Concreto,Suspensión,Triangular,1350,3160,,Ceramica (Aislador de suspensión),4,4,4,,No,,,,No,No,No,No,No,No,No,No,No,,No,,,No,Cable desnudo,Cable de guarda,1,Bueno,,Sí
140,17/10/2025 16:06,GEOPARK ,TIGANA ,JAC -TGN,J-TE103,4.442.403,-72.669.799,Poste,Concreto,Retención (Corte),Triangular,1350,3160,Avifauna y aisladores ,Ceramica (Aislador de suspensión),4,4,4,,No,,,,No,No,No,No,No,No,No,No,No,,No,,,No,Cable desnudo,Cable de guarda,1,Bueno,,Sí
139,17/10/2025 15:59,GEOPARK ,TIGANA ,JAC -TGN,J-TE104,4.442.939,-72.669.063,Poste,Concreto,Retención (Corte),Triangular,1350,3160,Avifauna y aisladores ,Ceramica (Aislador de suspensión),4,4,4,,No,,,,No,No,No,No,No,No,No,No,No,,No,,,No,Cable desnudo,Cable de guarda,1,Bueno,,Sí
137,17/10/2025 15:50,GEOPARK ,TIGANA ,JAC -TGN,J-TE105,4.443.599,-72.668.122,Poste,Concreto,Retención (Corte),Triangular,1350,3160,Avifauna y aisladores ,Ceramica (Aislador de suspensión),4,4,4,,No,,,,No,No,No,No,No,No,No,No,No,,No,,,No,Cable desnudo,Cable de guarda,1,Bueno,,Sí
133,17/10/2025 15:36,GEOPARK ,TIGANA ,JAC -TGN,J-TE106,4.444.238,-72.667.189,Poste,Concreto,Retención (Corte),Horizontal,1350,3160,Avifauna y aislador,Ceramica (Aislador de suspensión),4,4,4,,No,,,,No,No,Sí,No,No,No,No,No,No,Linepost para pasar de una configuración vertical en retención sin cruceta a una configuración con 2 crucetas horizontal de retención,No,,,No,Cable desnudo,Cable de guarda,1,Bueno,,Sí
182,19/10/2025 10:12,GEOPARK ,TIGANA ,JAC -TGN,J-TE57,44.308.198,-727.042.135,Poste,Concreto,Pullover (Cruce vertical),,1350,2990,Exceso de vegetación en los templetes,Ceramica (Aislador de suspensión),4,4,4,,No,,,,No,No,No,No,No,No,No,No,No,,No,,,No,Cable desnudo,Cable de guarda,1,Bueno,,Sí
183,19/10/2025 10:17,GEOPARK ,TIGANA ,JAC -TGN,J-TE58,44.317.681,-727.038.624,Poste,Concreto,Suspensión,Triangular,1350,2990,,Ceramica (Aislador de suspensión),4,4,4,,No,,,,No,No,No,No,No,No,No,No,No,,No,,,No,Cable desnudo,Cable de guarda,1,Bueno,,Sí
184,19/10/2025 10:21,GEOPARK ,TIGANA ,JAC -TGN,J-TE59,44.327.964,-72.703.552,Poste,Concreto,Suspensión,Triangular,1350,2990,,Ceramica (Aislador de suspensión),4,4,4,,No,,,,No,No,No,No,No,No,No,No,No,,No,,,No,Cable desnudo,Cable de guarda,1,Bueno,,Sí
185,19/10/2025 10:22,GEOPARK ,TIGANA ,JAC -TGN,J-TE60,44.338.804,-727.032.916,Poste,Concreto,Suspensión,Triangular,1350,2990,,Ceramica (Aislador de suspensión),4,4,4,,No,,,,No,No,No,No,No,No,No,No,No,,No,,,No,Cable desnudo,Cable de guarda,1,Bueno,,Sí
186,19/10/2025 10:24,GEOPARK ,TIGANA ,JAC -TGN,J-TE61,44.349.079,-727.029.196,Poste,Concreto,Retención (Corte),Triangular,1350,2990,Avifauna y aisladores,Ceramica (Aislador de suspensión),4,4,4,,No,,,,No,No,No,No,No,No,No,No,No,,No,,,No,Cable desnudo,Cable de guarda,1,Bueno,,Sí
187,19/10/2025 10:27,GEOPARK ,TIGANA ,JAC -TGN,J-TE62,44.359.532,-727.026.076,Poste,Concreto,Suspensión,Triangular,1350,2990,,Ceramica (Aislador de suspensión),4,4,4,,No,,,,No,No,No,No,No,No,No,No,No,,No,,,No,Cable desnudo,Cable de guarda,1,Bueno,,Sí
188,19/10/2025 10:31,GEOPARK ,TIGANA ,JAC -TGN,J-TE63,44.370.667,-727.022.608,Poste,Concreto,Suspensión,Triangular,1350,2990,,Ceramica (Aislador de suspensión),4,4,4,,No,,,,No,No,No,No,No,No,No,No,No,,No,,,No,Cable desnudo,Cable de guarda,1,Bueno,,Sí
189,19/10/2025 10:35,GEOPARK ,TIGANA ,JAC -TGN,J-TE64,44.380.389,-727.019.872,Poste,Concreto,Suspensión,Triangular,1350,2990,,Ceramica (Aislador de suspensión),4,4,4,,No,,,,No,No,No,No,No,No,No,No,No,,No,,,No,Cable desnudo,Cable de guarda,1,Bueno,,Sí
190,19/10/2025 10:38,GEOPARK ,TIGANA ,JAC -TGN,J-TE65,44.384.728,-727.018.637,Poste,Concreto,Pullover (Cruce vertical),,1350,2990,Avifauna y aisladores,Ceramica (Aislador de suspensión),4,4,4,,No,,,,No,No,No,No,No,No,No,Sí,Sí,Enrollamiento se encuentra muy abajo del poste,No,,,No,Cable desnudo,Cable de guarda,1,Bueno,,Sí
191,19/10/2025 10:40,GEOPARK ,TIGANA ,JAC -TGN,J-TE66,44.385.156,-72.700.762,Poste,Concreto,Suspensión,Triangular,1350,2990,,Ceramica (Aislador de suspensión),4,4,4,,No,,,,No,No,No,No,No,No,No,No,No,,No,,,No,Cable desnudo,Cable de guarda,1,Bueno,,Sí
192,19/10/2025 10:45,GEOPARK ,TIGANA ,JAC -TGN,J-TE67,44.386.463,-726.999.854,Poste,Concreto,Suspensión,Triangular,1350,2990,,Ceramica (Aislador de suspensión),4,4,4,,No,,,,No,No,No,No,No,No,No,No,No,,No,,,No,Cable desnudo,Cable de guarda,1,Bueno,,Sí
193,19/10/2025 10:48,GEOPARK ,TIGANA ,JAC -TGN,J-TE68,44.387.825,-726.991.258,Poste,Concreto,Retención (Corte),Triangular,1350,2990,Avifauna y aisladores,Ceramica (Aislador de suspensión),4,4,4,,No,,,,No,No,No,No,No,No,No,No,No,,No,,,No,Cable desnudo,Cable de guarda,1,Bueno,,Sí
194,19/10/2025 10:55,GEOPARK ,TIGANA ,JAC -TGN,J-TE69,44.386.326,-726.980.259,Poste,Concreto,Suspensión,Triangular,1350,2990,,Ceramica (Aislador de suspensión),4,4,4,,No,,,,No,No,No,No,No,No,No,No,No,,No,,,No,Cable desnudo,Cable de guarda,1,Bueno,,Sí
195,19/10/2025 10:59,GEOPARK ,TIGANA ,JAC -TGN,J-TE70,44.386.002,-726.969.376,Poste,Concreto,Suspensión,Triangular,1350,2990,,Ceramica (Aislador de suspensión),4,4,4,,No,,,,No,No,No,No,No,No,No,No,No,,No,,,No,Cable desnudo,Cable de guarda,1,Bueno,,Sí
196,19/10/2025 11:10,GEOPARK ,TIGANA ,JAC -TGN,J-TE71,44.385.494,-72.695.852,Poste,Concreto,Retención (Corte),Triangular,1350,2990,Avifauna y aisladores,Ceramica (Aislador de suspensión),4,4,4,,No,,,,No,No,Sí,No,No,No,No,No,No,,No,,,No,Cable desnudo,Cable de guarda,1,Bueno,,Sí
197,19/10/2025 11:11,GEOPARK ,TIGANA ,JAC -TGN,J-TE72,44.384.988,-726.947.371,Poste,Concreto,Retención (Corte),Triangular,1350,2990,,Ceramica (Aislador de suspensión),4,4,4,,No,,,,No,No,No,No,No,No,No,No,No,,No,,,No,Cable desnudo,Cable de guarda,1,Bueno,,Sí
198,19/10/2025 11:17,GEOPARK ,TIGANA ,JAC -TGN,J-TE73,44.384.106,-726.936.194,Poste,Concreto,Suspensión,Triangular,1350,2990,,Ceramica (Aislador de suspensión),4,4,4,,No,,,,No,No,No,No,No,No,No,No,No,,No,,,No,Cable desnudo,Cable de guarda,1,Bueno,,Sí
199,19/10/2025 11:22,GEOPARK ,TIGANA ,JAC -TGN,J-TE74,44.383.529,-726.925.642,Poste,Concreto,Suspensión,Triangular,1350,2990,,Ceramica (Aislador de suspensión),4,4,4,,No,,,,No,No,No,No,No,No,No,No,No,,No,,,No,Cable desnudo,Cable de guarda,1,Bueno,,Sí
200,19/10/2025 11:26,GEOPARK ,TIGANA ,JAC -TGN,J-TE75,4.438.251,-726.914.483,Poste,Concreto,Retención (Corte),Triangular,1350,2990,Avifauna y aisladores. Panal de avispas,Ceramica (Aislador de suspensión),4,4,4,,No,,,,No,No,No,No,No,No,No,No,No,,No,,,No,Cable desnudo,Cable de guarda,1,Bueno,,Sí
201,19/10/2025 11:30,GEOPARK ,TIGANA ,JAC -TGN,J-TE76,44.381.834,-726.903.166,Poste,Concreto,Suspensión,Triangular,1350,2990,,Ceramica (Aislador de suspensión),4,4,4,,No,,,,No,No,No,No,No,No,No,No,No,,No,,,No,Cable desnudo,Cable de guarda,1,Bueno,,Sí
202,19/10/2025 11:37,GEOPARK ,TIGANA ,JAC -TGN,J-TE77,4.438.107,-726.894.855,Poste,Concreto,Retención (Corte),Triangular,1350,2990,Avifauna y aisladores,Ceramica (Aislador de suspensión),4,4,4,,No,,,,No,No,No,No,No,No,No,No,No,,No,,,No,Cable desnudo,Cable de guarda,1,Bueno,,Sí
203,19/10/2025 11:43,GEOPARK ,TIGANA ,JAC -TGN,J-TE78,44.377.977,-72.688.919,Poste,Concreto,Retención (Corte),Triangular,1350,2990,Avifauna y aisladores,Ceramica (Aislador de suspensión),4,4,4,,No,,,,No,No,No,No,No,No,No,No,No,,No,,,No,Cable desnudo,Cable de guarda,1,Bueno,,Sí
204,19/10/2025 11:46,GEOPARK ,TIGANA ,JAC -TGN,J-TE79,44.373.925,-726.880.773,Poste,Concreto,Suspensión,Triangular,1350,2990,,Ceramica (Aislador de suspensión),4,4,4,,No,,,,No,No,No,No,No,No,No,No,No,,No,,,No,Cable desnudo,Cable de guarda,1,Bueno,,Sí
205,19/10/2025 11:51,GEOPARK ,TIGANA ,JAC -TGN,J-TE80,4.436.993,-726.873.625,Poste,Concreto,Retención (Corte),Triangular,1350,2990,Avifauna y aisladores,Ceramica (Aislador de suspensión),4,4,4,,No,,,,No,No,Sí,No,No,No,No,Sí,Sí,,No,,,No,Cable desnudo,Cable de guarda,1,Bueno,,Sí
207,19/10/2025 12:02,GEOPARK ,TIGANA ,JAC -TGN,J-TE82,44.364.451,-726.850.355,Poste,FRP (PlÃ¡stico reforzado con fibra de vidrio),Suspensión,H,1350,347,,Ceramica (Aislador de suspensión),4,4,4,,No,,,,No,No,No,No,No,No,No,No,No,,No,,,No,Cable desnudo,Cable de guarda,2,Bueno,,Sí
208,19/10/2025 12:03,GEOPARK ,TIGANA ,JAC -TGN,J-TE83,44.363.915,-726.846.166,Poste,Concreto,Retención (Corte),H,1350,2990,Avifauna y aisladores,Ceramica (Aislador de suspensión),4,4,4,,No,,,,No,No,Sí,No,No,No,No,No,No,,No,,,No,Cable desnudo,Cable de guarda,2,Bueno,,Sí
215,19/10/2025 14:03,GEOPARK ,TIGANA ,JAC -TGN,J-TE88,4.435.054,-72.679.658,Poste,Concreto,Suspensión,Triangular,1350,2990,,Ceramica (Aislador de suspensión),4,4,4,,No,,,,No,No,No,No,No,No,No,No,No,,No,,,No,Cable desnudo,Cable de guarda,1,Bueno,,Sí
216,19/10/2025 14:12,GEOPARK ,TIGANA ,JAC -TGN,J-TE89,443.502,-72.678.706,Poste,Concreto,Pullover (Cruce vertical),,1350,2990,,Ceramica (Aislador de suspensión),4,4,4,,No,,,,No,No,No,No,No,No,No,Sí,Sí,,No,,,No,Cable desnudo,Cable de guarda,1,Bueno,,Sí
217,19/10/2025 14:15,GEOPARK ,TIGANA ,JAC -TGN,J-TE90,44.357.951,-726.780.453,Poste,Concreto,Retención (Corte),H,1350,3160,3 templetes sin avifauna y todos con aisladores,Ceramica (Aislador de suspensión),4,4,4,,No,,,,No,No,Sí,No,No,No,No,No,No,,No,,,No,Cable desnudo,Cable de guarda,1,Bueno,,Sí
156,18/10/2025 8:12,GEOPARK ,TIGANA ,JAC -TGN,J-TE92,44.365.541,-726.764.763,Poste,Concreto,Retención (Corte),H,1350,3160,Avifauna y aisladores,Ceramica (Aislador de suspensión),4,4,4,,No,,,,No,No,Sí,No,No,No,No,No,No,3 Linepost,No,,,No,Cable desnudo,Cable de guarda,1,Bueno,,Sí
321,21/10/2025 9:47,GEOPARK,JACANA ,TIG -TISE / TISE - TIE TR1,TIG-TISE23 Y TSE-TIE17,43.667.824,-727.097.905,Poste,Concreto,Suspensión,Canadiense,1350,2990,,Ceramica (Aislador de suspensión),8,8,8,,Sí,2,2,2,No,No,No,No,No,No,No,No,No,Porta DPS,No,,,No,Cable desnudo,Sí,1,Bueno,Herrajes,Sí
152,18/10/2025 7:54,GEOPARK ,TIGANA ,JAC -TGN,J-TE96,4.438.907,-726.746.851,Poste,Concreto,Retención (Corte),Triangular,1350,3160,Avifauna y aislador,Ceramica (Aislador de suspensión),4,4,4,,No,,,,No,No,No,No,No,No,No,No,No,,No,,,No,Cable desnudo,Cable de guarda,1,Bueno,,Sí
131,17/10/2025 15:31,GEOPARK ,TIGANA ,JAC -TGN,J-TE107,4.444.245,-72.666.809,Poste,Concreto,Pullover (Cruce vertical),,1350,2990,Avifauna y aisladores ,Ceramica (Aislador de suspensión),4,4,4,,No,,,,No,No,Sí,No,No,No,No,No,No,,No,,,No,Cable desnudo,Cable de guarda,1,Bueno,,Sí
129,17/10/2025 15:21,GEOPARK ,TIGANA ,JAC -TGN,J-TE108,4.444.638,-7.266.625,Poste,Concreto,Retención (Corte),Canadiense,1350,2990,Avifauna oxidada y aisladores,Ceramica (Aislador de suspensión),4,4,4,,No,,,,No,No,No,No,No,No,No,No,No,,No,,,No,Cable desnudo,Cable de guarda,1,Bueno,,Sí
128,17/10/2025 11:29,GEOPARK ,TIGANA ,JAC -TGN,J-TE109,444.506,-72.665.255,Poste,Concreto,Retención (Corte),Canadiense,1350,2990,Avifauna oxidada y aisladores ,Ceramica (Aislador de suspensión),4,4,4,,No,,,,No,No,No,No,No,No,No,No,No,,No,,,No,Cable desnudo,Cable de guarda,1,Bueno,,Sí
127,17/10/2025 11:18,GEOPARK ,TIGANA ,JAC -TGN,J-TE110,44.452.247,-726.642.805,Poste,Concreto,Retención (Corte),Canadiense,1050,2940,,Ceramica (Aislador de suspensión),4,4,4,,No,,,,No,No,No,No,No,No,No,No,No,,No,,,No,Cable desnudo,Cable de guarda,1,Bueno,,Sí
126,17/10/2025 11:08,GEOPARK ,TIGANA ,JAC -TGN,J-TE111,44.454.186,-72.663.446,Poste,Concreto,Retención (Corte),Canadiense,1050,2940,Avifauna oxidada y aisladores ,Ceramica (Aislador de suspensión),4,4,4,,No,,,,No,No,No,No,No,No,No,No,No,,No,,,No,Cable desnudo,Cable de guarda,1,Bueno,,Sí
125,17/10/2025 10:57,GEOPARK ,TIGANA ,JAC -TGN,J-TE112,44.455.241,-72.662.472,Poste,Concreto,Suspensión,Canadiense,1050,2940,,Ceramica (Aislador de suspensión),4,4,4,,No,,,,No,No,No,No,No,No,No,No,No,,No,,,No,Cable desnudo,Cable de guarda,1,Bueno,,Sí
124,17/10/2025 10:47,GEOPARK ,TIGANA ,JAC -TGN,J-TE113,44.456.158,-726.617.227,Poste,Concreto,Retención (Corte),Canadiense,1350,2940,Avifauna oxidada y aisladores,Ceramica (Aislador de suspensión),4,4,4,,No,,,,No,No,No,No,No,No,No,No,No,,No,,,No,Cable desnudo,Cable de guarda,1,Bueno,,Sí
65,16/10/2025 9:55,GEOPARK ,TIGANA ,TSUR-TSW,TS-TSWE14,44.294.489,-726.795.464,Poste,Concreto,Retención (Corte),Triangular,1350,2990,,Ceramica (Aislador de suspensión),4,4,4,,No,,,,No,No,No,No,No,No,No,No,No,,No,,,No,Cable desnudo,Cable de guarda,1,Bueno,,Sí
150,17/10/2025 16:44,GEOPARK ,TIGANA ,JAC -TGN,J-TE98,4.440.053,-72.673.152,Poste,Concreto,Suspensión,Triangular,1350,3160,,Ceramica (Aislador de suspensión),4,4,4,,No,,,,No,No,No,No,No,No,No,No,No,,No,,,No,Cable desnudo,Cable de guarda,1,Bueno,,Sí
148,17/10/2025 16:39,GEOPARK ,TIGANA ,JAC -TGN,J-TE99,4.440.633,-7.267.237,Poste,Concreto,Retención (Corte),Triangular,1350,3160,Avifauna y aislador ,Ceramica (Aislador de suspensión),4,4,4,,No,,,,No,No,No,No,No,No,No,No,No,,No,,,No,Cable desnudo,Cable de guarda,1,Bueno,,Sí
314,21/10/2025 9:20,GEOPARK,JACANA ,TIG -TISE / TISE - TIE TR1,TIG-TISE29 Y TSE-TIE11,43.664.944,-727.043.972,Poste,Concreto,Suspensión,Canadiense,1350,2990,,Ceramica (Aislador de suspensión),4,4,4,,Sí,2,2,2,No,No,No,No,No,No,No,No,No,Porta DPS,No,,,No,Cable desnudo,Sí,1,Bueno,Herrajes,Sí
151,18/10/2025 7:52,GEOPARK ,TIGANA ,JAC -TGN,J-TE97,4.439.484,-72.673.909,Poste,Concreto,Suspensión,Triangular,1350,3160,,Ceramica (Aislador de suspensión),4,4,4,,No,,,,No,No,No,No,No,No,No,No,No,,No,,,No,Cable desnudo,Cable de guarda,1,Bueno,,Sí
212,19/10/2025 12:20,GEOPARK ,TIGANA ,JAC -TGN,T-TB21,4.450.868,-72.668.778,Poste,Concreto,Suspensión,Canadiense,1350,2990,,Ceramica (Aislador de suspensión),4,4,4,,No,,,,No,No,No,No,No,No,No,No,No,,No,,,No,Cable desnudo,Cable de guarda,1,Bueno,,Sí
213,19/10/2025 13:35,GEOPARK ,TIGANA ,JAC -TGN,T-TB22,4.450.645,-72.669.568,Poste,Concreto,Suspensión,Canadiense,1050,2940,,Ceramica (Aislador de suspensión),4,4,4,,No,,,,No,No,No,No,No,No,No,No,No,,No,,,No,Cable desnudo,Cable de guarda,1,Bueno,,Sí
224,19/10/2025 7:54,GEOPARK,JACANA ,JAC - TIG,JC-TI21,4.372.032,-72.717.504,Poste,Concreto,Pullover (Cruce vertical),,1350,2500,,Ceramica (Aislador de suspensión),8,8,8,,No,,,,No,No,No,No,No,No,No,No,No,,No,,,No,Cable desnudo,Sí,1,Bueno,Herrajes,Sí
73,16/10/2025 11:06,GEOPARK ,TIGANA ,TSUR-TSW,TS-TSWE06,4.432.792,-7.267.977,Poste,Concreto,Terminal (Remate),Horizontal,1350,2600,,Ceramica (Aislador de suspensión),4,4,4,,Sí,1,1,1,Sí,No,No,No,No,No,No,No,No,,Sí,Seccionamiento,IMC,Sí,Cable desnudo,Cable de Guarda y DPS ,2,Bueno,,Sí
228,19/10/2025 8:16,GEOPARK,JACANA ,JAC - TIG,JC-TI19,4.372.925,-7.271.845,Poste,Concreto,Pullover (Cruce vertical),,1350,2990,,Ceramica (Aislador de suspensión),8,8,8,,No,,,,No,No,No,No,No,No,No,No,No,,No,,,No,Cable desnudo,Sí,1,Bueno,Herrajes,Sí
229,19/10/2025 8:19,GEOPARK,JACANA ,JAC - TIG,JC-TI18,4.373.348,-72.718.094,Poste,Concreto,Pullover (Cruce vertical),,1350,2500,,Ceramica (Aislador de suspensión),8,8,8,,No,,,,No,No,No,No,No,No,No,No,No,,No,,,No,Cable desnudo,Sí,1,Bueno,Herrajes,Sí
230,19/10/2025 8:22,GEOPARK,JACANA ,JAC - TIG,JC-TI17,437.396,-72.718.753,Poste,Concreto,Suspensión,Triangular,1350,2990,,Ceramica (Aislador de suspensión),4,4,4,,No,,,,No,No,No,No,No,No,No,No,No,,No,,,No,Cable desnudo,Sí,1,Bueno,Herrajes,Sí
72,16/10/2025 11:02,GEOPARK ,TIGANA ,TSUR-TSW,TS-TSWE07,44.328,-72.679.959,Poste,Concreto,Terminal (Remate),Horizontal,1350,2500,,Ceramica (Aislador de suspensión),4,4,4,,Sí,1,1,1,Sí,No,No,No,No,No,No,No,No,,Sí,Seccionamiento,IMC,Sí,Cable desnudo,Cable de Guarda y DPS,2,Bueno,,Sí
232,19/10/2025 8:31,GEOPARK,JACANA ,JAC - TIG,JC-TI15,437.529,-72.720.166,Poste,Concreto,Retención (Corte),Triangular,1350,2500,Discos,Ceramica (Aislador de suspensión),8,12,8,,No,,,,No,No,No,No,No,No,No,No,No,,No,,,No,Cable desnudo,Sí,1,Bueno,Herrajes,Sí
354,21/10/2025 11:22,GEOPARK ,TIGANA ,TGN-TGA,T-TA14,4.444.056,-72.667.253,Poste,Concreto,Retención (Corte),Horizontal,1350,3410,Avifauna y aislador,Ceramica (Aislador de suspensión),4,4,4,,No,,,,No,No,No,No,No,No,No,Sí,Sí,2 Mufa,Sí,Otro,IMC,Sí,Cable desnudo,Cable de guarda,1,Bueno,,Sí
234,19/10/2025 8:39,GEOPARK,JACANA ,JAC - TIG,JC-TI13,4.376.838,-72.721.804,Poste,Concreto,Suspensión,Triangular,1350,2990,,Ceramica (Aislador de suspensión),4,4,4,,No,,,,No,No,No,No,No,No,No,No,No,,No,,,No,Cable desnudo,Sí,1,Bueno,Herrajes,Sí
162,18/10/2025 8:59,GEOPARK ,TIGANA ,TGN-TGA,T-TA17,4.446.408,-72.668.086,Poste,Concreto,Retención (Corte),Canadiense,1350,2600,Avifauna y aisladores ,Ceramica (Aislador de suspensión),4,4,4,,Sí,1,1,1,No,No,No,No,No,No,No,No,No,,No,,,No,Cable desnudo,Cable de guarda,1,Bueno,,Sí
236,19/10/2025 8:45,GEOPARK,JACANA ,JAC - TIG,JC-TI11,4.378.347,-72.723.019,Poste,Concreto,Suspensión,Triangular,1050,2300,,Ceramica (Aislador de suspensión),4,4,4,,No,,,,No,No,No,No,No,No,No,No,No,,No,,,No,Cable desnudo,Sí,1,Bueno,Herrajes,Sí
237,19/10/2025 8:50,GEOPARK,JACANA ,JAC - TIG,JC-TI10,4.378.965,-72.723.349,Poste,Concreto,Retención (Corte),Triangular,1350,2990,Discos,Ceramica (Aislador de suspensión),8,12,8,,No,,,,No,No,No,No,No,No,No,No,No,,No,,,No,Cable desnudo,Sí,1,Bueno,Herrajes,Sí
238,19/10/2025 8:53,GEOPARK,JACANA ,JAC - TIG,JC-TI09,4.379.625,-72.723.593,Poste,Concreto,Retención (Corte),Triangular,1350,2990,Discos,Ceramica (Aislador de suspensión),8,12,8,,No,,,,No,No,No,No,No,No,No,No,No,,No,,,No,Cable desnudo,Sí,1,Bueno,Herrajes,Sí
239,19/10/2025 8:56,GEOPARK,JACANA ,JAC - TIG,JC-TI08,438.054,-72.723.427,Poste,Concreto,Retención (Corte),Triangular,1350,2990,Discos,Ceramica (Aislador de suspensión),8,12,8,,No,,,,No,No,No,No,No,No,No,No,No,,No,,,No,Cable desnudo,Sí,1,Bueno,Herrajes,Sí
240,19/10/2025 8:59,GEOPARK,JACANA ,JAC - TIG,JC-TI07,4.381.173,-72.723.389,Poste,Concreto,Retención (Corte),Triangular,1350,2990,Discos,Ceramica (Aislador de suspensión),8,12,8,,No,,,,No,No,No,No,No,No,No,No,No,,No,,,No,Cable desnudo,Sí,1,Bueno,Herrajes,Sí
241,19/10/2025 9:02,GEOPARK,JACANA ,JAC - TIG,JC-TI06,4.382.323,-72.723.264,Poste,Concreto,Retención (Corte),Triangular,1350,2990,Discos,Ceramica (Aislador de suspensión),8,12,8,,No,,,,No,No,No,No,No,No,No,No,No,,No,,,No,Cable desnudo,Sí,1,Bueno,Herrajes,Sí
242,19/10/2025 9:07,GEOPARK,JACANA ,JAC - TIG,JC-TI05,438.342,-72.723.157,Poste,Concreto,Pullover (Cruce vertical),,1350,2500,,Ceramica (Aislador de suspensión),8,8,8,,No,,,,No,No,No,No,No,No,No,No,No,,No,,,No,Cable desnudo,Sí,1,Bueno,Herrajes,Sí
243,19/10/2025 9:10,GEOPARK,JACANA ,JAC - TIG,JC-TI04 AUX 2,4.383.718,-72.723.691,Poste,Concreto,Pullover (Cruce vertical),Derivación (Cruce doble remate),1050,2300,,Ceramica (Aislador de suspensión),12,12,12,,No,,,,No,No,No,No,No,No,No,No,No,,No,,,No,Cable desnudo,Sí,1,Bueno,Herrajes,Sí
244,19/10/2025 9:13,GEOPARK,JACANA ,JAC - TIG,JC-TI-JP01*,4.383.834,-72.724.884,Poste,Concreto,Pullover (Cruce vertical),Derivación (Cruce doble remate),1050,2300,Pie de amigo,Ceramica (Aislador de suspensión),12,12,12,,No,,,,No,No,No,No,No,No,No,No,No,,No,,,No,Cable desnudo,Sí,1,Bueno,Herrajes,Sí
245,19/10/2025 9:16,GEOPARK,JACANA ,JAC - TIG,JC-JI-JP02*,4.383.787,-72.724.417,Poste,Concreto,Suspensión,Canadiense,1050,2300,,Ceramica (Aislador de suspensión),4,4,4,,No,,,,No,No,No,No,No,No,No,No,No,,No,,,No,Cable desnudo,Sí,1,Bueno,Herrajes,Sí
246,19/10/2025 9:20,GEOPARK,JACANA ,JAC - TIG,JC-TI-JP03*,4.383.741,-72.723.927,Poste,Concreto,Pullover (Cruce vertical),,1050,2500,,Ceramica (Aislador de suspensión),8,8,8,,No,,,,No,No,Sí,No,No,No,No,No,No,Barrera antichoque,No,,,No,Cable desnudo,Sí,1,Bueno,Herrajes,Sí
247,19/10/2025 9:29,GEOPARK,JACANA ,JAC - TIG,JC-TI04 AUX 1,4.383.957,-72.723.735,Poste,Concreto,Retención (Corte),Canadiense,1350,2500,,Ceramica (Aislador de suspensión),16,16,16,,No,,,,No,No,No,No,No,No,No,No,No,,No,,,No,Cable desnudo,Sí,1,Bueno,Herrajes,Sí
248,19/10/2025 9:35,GEOPARK,JACANA ,JAC - TIG,JC-TI03,4.384.735,-72.723.643,Poste,Concreto,Suspensión,Triangular,1350,2500,,Ceramica (Aislador de suspensión),8,8,8,,No,,,,No,No,No,No,No,No,No,No,No,,No,,,No,Cable desnudo,Sí,1,Bueno,Herrajes,Sí
249,19/10/2025 9:42,GEOPARK,JACANA ,JAC - TIG,JC-TI02,4.385.799,-72.723.507,Poste,Concreto,Suspensión,Canadiense,1350,2500,,Ceramica (Aislador de suspensión),8,8,8,,No,,,,No,No,No,No,No,No,No,No,No,,No,,,No,Cable desnudo,Sí,1,Bueno,Herrajes,Sí
394,21/10/2025 14:14,GEOPARK ,TIGANA ,TGN-TGA,T-TA47,4.458.377,-7.265.873,Poste,Concreto,Terminal (Remate),H,1350,2600,Avifauna y aisladores,Ceramica (Aislador de suspensión),4,4,4,,Sí,1,1,1,Sí,No,No,No,No,No,No,Sí,Sí,,Sí,Seccionamiento,IMC,Sí,Cable desnudo,Cable de guarda,2,Bueno,,Sí
130,17/10/2025 15:24,GEOPARK,TIGANA ,TGN-TGB,T-TB01,4.446.267,-72.658.432,Poste,Concreto,Terminal (Remate),H,1350,3000,Avifauna oxidada y aisladores,Ceramica (Aislador de suspensión),8,8,8,,Sí,1,1,1,Sí,No,Sí,No,No,No,No,No,No,,Sí,Premoldeados,IMC,Sí,Cable desnudo,Cable de guarda,2,Bueno,,Sí
163,18/10/2025 9:09,GEOPARK ,TIGANA ,TGN-TGB,T-TB14,444.646,-72.667.911,Poste,Concreto,Retención (Corte),Canadiense,1050,2940,1 Avifauna oxidada y aisladores,Ceramica (Aislador de suspensión),4,4,4,,No,,,,No,No,No,No,No,No,No,No,No,,No,,,No,Cable desnudo,Cable de guarda,1,Bueno,,Sí
2,14/10/2025 14:37,GEOPARK,JACANA ,JAC - JCS,J-JS02,4.387.656,-72.725.017,Poste,Concreto,Pullover (Cruce vertical),,1350,2990,Compartido con J-JB02,Ceramica (Aislador de suspensión),4,4,4,,No,,,,No,No,No,No,No,No,No,No,No,,No,,,No,Cable desnudo,Sí,1,Bueno,Herrajes,Sí
3,14/10/2025 14:55,GEOPARK,JACANA ,JAC - JCS,J-JS03,438.771,-72.725.685,Poste,Concreto,Pullover (Cruce vertical),,1350,2990,Con aisladores,Ceramica (Aislador de suspensión),4,4,4,,No,,,,No,No,No,No,No,No,No,No,No,,No,,,No,Cable desnudo,Sí,1,Bueno,Herrajes,Sí
4,14/10/2025 15:05,GEOPARK,JACANA ,JAC - JCS,J-JS04,4.386.827,-72.725.808,Poste,Concreto,Suspensión,Triangular,1050,2940,,Ceramica (Aislador de suspensión),4,4,4,,No,,,,No,No,No,No,No,No,No,No,No,,No,,,No,Cable desnudo,Sí,1,Bueno,Herrajes,Sí
5,14/10/2025 15:13,GEOPARK,JACANA ,JAC - JCS,J-JS05,4.386.124,-72.725.902,Poste,Concreto,Paso (Tangente),Horizontal,1050,2940,Con aisladores,Ceramica (Aislador de suspensión),8,8,8,,No,,,,No,No,No,No,No,No,No,No,No,,No,,,No,Cable desnudo,Sí,1,Bueno,Herrajes,Sí
6,14/10/2025 15:21,GEOPARK,JACANA ,JAC - JCS,J-JS06,4.385.222,-72.726.004,Poste,Concreto,Suspensión,Triangular,1350,2990,,Ceramica (Aislador de suspensión),4,4,4,,No,,,,No,No,No,No,No,No,No,No,No,,No,,,No,Cable desnudo,Sí,1,Bueno,Herrajes,Sí
7,14/10/2025 15:30,GEOPARK,JACANA ,JAC - JCS,J-JS07,4.384.472,-72.726.113,Poste,Concreto,Retención (Corte),Bandera (Volada),1350,2990,Aislador y disco,Ceramica (Aislador de suspensión),8,8,8,,No,,,,No,No,No,No,No,No,No,No,No,,No,,,No,Cable desnudo,Sí,1,Bueno,Herrajes,Sí
8,14/10/2025 15:41,GEOPARK,JACANA ,JAC - JCS,J-JS08,4.384.378,-72.726.159,Poste,Concreto,Retención (Corte),Bandera (Volada),1350,2990,Aislador y disco,Ceramica (Aislador de suspensión),8,8,8,,No,,,,No,No,No,No,No,No,No,No,No,,No,,,No,Cable desnudo,Sí,1,Bueno,Herrajes,Sí
9,14/10/2025 15:48,GEOPARK,JACANA ,JAC - JCS,J-JS09,4.384.372,-72.726.849,Poste,Concreto,Paso (Tangente),Horizontal,1350,2990,,Ceramica (Aislador de suspensión),8,8,8,,No,,,,No,No,No,No,No,No,No,No,No,,No,,,No,Cable desnudo,Sí,1,Bueno,Herrajes,Sí
10,14/10/2025 15:54,GEOPARK,JACANA ,JAC - JCS,J-JS10,4.384.235,-72.727.566,Poste,Concreto,Suspensión,Triangular,1350,2990,,Ceramica (Aislador de suspensión),4,4,4,,No,,,,No,No,No,No,No,No,No,No,No,,No,,,No,Cable desnudo,Sí,1,Bueno,Herrajes,Sí
11,14/10/2025 16:01,GEOPARK,JACANA ,JAC - JCS,J-JS11,438.409,-72.728.272,Poste,Concreto,Paso (Tangente),Triangular,1350,2990,Pie de amigo,Ceramica (Aislador de suspensión),8,8,8,,No,,,,No,No,No,No,No,No,No,No,No,,No,,,No,Cable desnudo,Sí,1,Bueno,Herrajes,Sí
12,14/10/2025 16:12,GEOPARK,JACANA ,JAC - JCS,J-JS12,4.384.259,-72.728.505,Poste,Concreto,Paso (Tangente),Triangular,1350,2990,Aislador y disco,Ceramica (Aislador de suspensión),8,12,8,,No,,,,No,No,No,No,No,No,No,No,No,,No,,,No,Cable desnudo,Sí,1,Bueno,Herrajes,Sí
13,14/10/2025 16:23,GEOPARK,JACANA ,JAC - JCS,J-JS13,4.384.949,-72.729.334,Poste,Concreto,Suspensión,Triangular,1350,2990,,Ceramica (Aislador de suspensión),4,4,4,,No,,,,No,No,No,No,No,No,No,No,No,,No,,,No,Cable desnudo,Sí,1,Bueno,Herrajes,Sí
9,14/10/2025 15:48,GEOPARK ,JACANA,JAC - JCS,J-JS18,43.838.874,-727.329.799,Poste,Concreto,Suspensión,Triangular,1050,2940,Aisladores y avifauna,Ceramica (Aislador de suspensión),4,4,4,,No,,,,No,No,No,No,No,No,No,No,No,,No,,,No,Cable desnudo,Cable de guarda,1,Bueno,,Sí
8,14/10/2025 15:45,GEOPARK ,JACANA,JAC - JCS,J-JS19,43.829.025,-7.273.363,Poste,Concreto,Retención (Corte),Triangular,1350,2990,Aisladores y avifauna,Ceramica (Aislador de suspensión),4,4,4,,No,,,,No,No,No,No,No,No,No,No,No,,No,,,No,Cable desnudo,Cable de guarda,1,Bueno,,Sí
7,14/10/2025 15:37,GEOPARK ,JACANA,JAC - JCS,J-JS20,4.381.978,-72.734.327,Poste,Concreto,Suspensión,Triangular,1350,2990,Con avifauna y aislador,Ceramica (Aislador de suspensión),4,4,4,,No,,,,No,No,No,No,No,No,No,No,No,,No,,,No,Cable desnudo,Cable de guarda,1,Bueno,,Sí
6,14/10/2025 15:31,GEOPARK ,JACANA,JAC - JCS,J-JS21,43.812.662,-727.349.211,Poste,Concreto,Retención (Corte),Triangular,1350,2990,Con avifauna y aisladores,Ceramica (Aislador de suspensión),4,4,4,,No,,,,No,No,No,No,No,No,No,No,No,,No,,,No,Cable desnudo,Cable de guarda,1,Bueno,,Sí
5,14/10/2025 15:25,GEOPARK ,JACANA,JAC - JCS,J-JS22,43.801.476,-727.359.446,Poste,Concreto,Suspensión,Triangular,1350,2990,,Ceramica (Aislador de suspensión),4,4,4,,No,,,,No,No,No,No,No,No,No,No,No,,No,,,No,Cable desnudo,Cable de guarda,1,Bueno,,Sí
4,14/10/2025 15:20,GEOPARK ,JACANA,JAC - JCS,J-JS23,43.792.077,-727.365.935,Poste,Concreto,Retención (Corte),Triangular,1350,2990,Con avifauna y aisladores,Ceramica (Aislador de suspensión),4,4,4,,No,,,,No,No,No,No,No,No,No,No,No,,No,,,No,Cable desnudo,Cable de guarda,1,Bueno,,Sí
100,16/10/2025 16:15,GEOPARK,TIGANA ,TGN-TSUR,T-TSE14,4.444.069,-72.666.963,Poste,Concreto,Pórtico,H,1350,2990,,Ceramica (Aislador de suspensión),4,4,4,,No,,,,Sí,No,Sí,Sí,No,No,Sí,Sí,Sí,Transformador bifÃ¡sico y los DPS son para este transformador,No,,,No,Cable desnudo,Cable de guarda y DPS,4,Bueno,,Sí
12,14/10/2025 16:10,GEOPARK ,JACANA,JAC - JCS,J-JS15,4.386.094,-727.310.988,Poste,Concreto,Retención (Corte),Otro,1350,2990,Con aisladores y avifauna ,Ceramica (Aislador de suspensión),4,4,4,,No,,,,No,No,No,No,No,No,No,No,No,,No,,,No,Cable desnudo,Cable de guarda,1,Bueno,,Sí
10,14/10/2025 15:55,GEOPARK ,JACANA,JAC - JCS,J-JS17,43.846.451,-72.732.214,Poste,Concreto,Retención (Corte),Triangular,1350,2990,con aislador y avifauna ,Ceramica (Aislador de suspensión),4,4,4,,No,,,,No,No,No,No,No,No,No,No,No,,No,,,No,Cable desnudo,Cable de guarda,1,Bueno,,Sí
11,14/10/2025 16:01,GEOPARK ,JACANA,JAC - JCS,J-JS216,43.856.857,-72.731.459,Poste,Concreto,Retención (Corte),Triangular,1050,2940,Con aisladores,Ceramica (Aislador de suspensión),4,4,4,,No,,,,No,No,No,No,No,No,No,No,No,,No,,,No,Cable desnudo,Cable de guarda,1,Bueno,,Sí
3,14/10/2025 15:11,GEOPARK ,JACANA,JAC - JCS,J-JS24,43.782.535,-727.373.132,Poste,Concreto,Retención (Corte),Otro,1350,2990,Con aislador y avifauna,Ceramica (Aislador de suspensión),4,4,4,,No,,,,No,No,No,No,No,No,No,No,No,,No,,,No,Cable desnudo,Cable de guarda,1,Bueno,,Sí
2,14/10/2025 15:04,GEOPARK,JACANA,JAC - JCS,J-JS24A,43.778.889,-727.368.571,Poste,FRP (PlÃ¡stico reforzado con fibra de vidrio),Suspensión,Canadiense,1050,141,,Ceramica (Aislador de suspensión),4,4,4,,No,,,,No,No,No,No,No,No,No,No,No,,No,,,No,Cable desnudo,Cable de guarda,2,Bueno,,Sí
1,14/10/2025 14:06,GEOPARK,JACANA,JAC - JCS,J-JS25,43.775.741,-727.363.372,Poste,Concreto,Retención (Corte),Otro,1350,2990,Con aislados y protección de fauna,Ceramica (Aislador de suspensión),4,4,4,,No,,,,No,No,No,No,No,No,No,No,No,,No,Premoldeados,,No,Cable desnudo,Cable de guarda,1,Bueno,,Sí
223,20/10/2025 7:34,GEOPARK ,TIGANA ,TGN - PDT,T-TUAE05,44.470.701,-726.548.665,Poste,Concreto,Retención (Corte),Triangular,1650,5274,Avifaunas oxidadas y aisladores,Ceramica (Aislador de suspensión),4,4,4,,Sí,1,1,1,Sí,No,Sí,Sí,No,No,No,No,No,Transformador de 45 kV y secionadores monopolares de fusible,Sí,Otro,IMC,Sí,Cable desnudo,Cable de Guarda y DPS,2,Bueno,,Sí
39,15/10/2025 10:32,GEOPARK ,JACANA,JAC - JCB,J-JB01,4.387.174,-72.725.047,Poste,Concreto,Retención (Corte),Bandera (Volada),1350,2990,con aislador ,Ceramica (Aislador de suspensión),4,4,4,,No,,,,No,No,No,No,No,No,No,No,No,,No,,,No,Cable desnudo,Cable de guarda,1,Bueno,,Sí
38,15/10/2025 10:30,GEOPARK ,JACANA,JAC - JCB,J-JB02A,4.387.358,-72.725.023,Poste,Concreto,Retención (Corte),Bandera (Volada),1350,2990,,Ceramica (Aislador de suspensión),4,4,4,,No,,,,No,No,No,No,No,No,No,No,No,,No,,,No,Cable desnudo,Cable de guarda,1,Bueno,,Sí
37,15/10/2025 10:28,GEOPARK ,JACANA,JAC - JCB,J-JB02B,4.387.552,-72.724.996,Poste,Concreto,Retención (Corte),Bandera (Volada),1350,2500,,Ceramica (Aislador de suspensión),4,4,4,,No,,,,No,No,No,No,No,No,No,No,No,,No,,,No,Cable desnudo,Cable de guarda,1,Bueno,,Sí
36,15/10/2025 10:23,GEOPARK ,JACANA,JAC - JCB,J-JB02C,4.387.702,-72.724.865,Poste,Concreto,Retención (Corte),Bandera (Volada),1350,2500,,Ceramica (Aislador de suspensión),4,4,4,,No,,,,No,No,No,No,No,No,No,No,No,,No,,,No,Cable desnudo,Cable de guarda,1,Bueno,,Sí
35,15/10/2025 10:20,GEOPARK ,JACANA,JAC - JCB,J-JB03,43.876,-72.724.365,Poste,Concreto,Retención (Corte),Bandera (Volada),1350,3117,,Ceramica (Aislador de suspensión),4,4,4,,No,,,,No,No,No,No,No,No,No,No,No,,No,,,No,Cable desnudo,Cable de guarda,1,Bueno,,Sí
33,15/10/2025 10:00,GEOPARK ,JACANA,JAC - JCB,J-JB05,4.387.501,-72.723.394,Poste,Concreto,Retención (Corte),Bandera (Volada),1350,2990,con aisladores ,Ceramica (Aislador de suspensión),4,4,4,,No,,,,No,No,No,No,No,No,No,No,No,,No,,,No,Cable desnudo,Cable de guarda,1,Bueno,,Sí
32,15/10/2025 9:56,GEOPARK ,JACANA,JAC - JCB,J-JB06,4.388.294,-72.723.291,Poste,Concreto,Suspensión,Triangular,1350,2990,,Ceramica (Aislador de suspensión),4,4,4,,No,,,,No,No,No,No,No,No,No,No,No,,No,,,No,Cable desnudo,Cable de guarda,1,Bueno,,Sí
31,15/10/2025 9:52,GEOPARK ,JACANA,JAC - JCB,J-JB07,43.890.375,-727.232.574,Poste,Concreto,Retención (Corte),Triangular,1350,2990,avifauna oxidada,Ceramica (Aislador de suspensión),4,4,4,,No,,,,No,No,No,No,No,No,No,No,No,,No,,,No,Cable desnudo,Cable de guarda,1,Bueno,,Sí
30,15/10/2025 9:41,GEOPARK ,JACANA,JAC - JCB,J-JB08,43.900.973,-727.231.933,Poste,Concreto,Suspensión,Triangular,1350,2990,,Ceramica (Aislador de suspensión),4,4,4,,No,,,,No,No,No,No,No,No,No,No,No,,No,,,No,Cable desnudo,Cable de guarda,1,Bueno,,Sí
29,15/10/2025 9:32,GEOPARK ,JACANA,JAC - JCB,J-JB09,43.911.994,-727.230.894,Poste,Concreto,Retención (Corte),Triangular,1350,2990,con aisladores ,Ceramica (Aislador de suspensión),4,4,4,,No,,,,No,No,No,No,No,No,No,No,No,,No,,,No,Cable desnudo,Cable de guarda,1,Bueno,,Sí
28,15/10/2025 9:28,GEOPARK ,JACANA,JAC - JCB,J-JB10,4.392.341,-727.229.786,Poste,Concreto,Suspensión,Triangular,1350,2990,,Ceramica (Aislador de suspensión),4,4,4,,No,,,,No,No,No,No,No,No,No,No,No,,No,,,No,Cable desnudo,Cable de guarda,1,Bueno,,Sí
27,15/10/2025 9:22,GEOPARK ,JACANA,JAC - JCB,J-JB11,43.935.341,-727.228.418,Poste,Concreto,Retención (Corte),Triangular,1350,2990,Dos templetes al mismo punto,Ceramica (Aislador de suspensión),4,4,4,,No,,,,No,No,No,No,No,No,No,No,No,,No,,,No,Cable desnudo,Cable de guarda,1,Bueno,,Sí
26,15/10/2025 9:18,GEOPARK ,JACANA,JAC - JCB,J-JB12,43.944.564,-727.227.332,Poste,Concreto,Suspensión,Triangular,1350,2990,,Ceramica (Aislador de suspensión),4,4,4,,No,,,,No,No,No,No,No,No,No,No,No,,No,,,No,Cable desnudo,Cable de guarda,1,Bueno,,Sí
25,15/10/2025 9:12,GEOPARK ,JACANA,JAC - JCB,J-JB13,4.395.467,-72.722.567,Poste,Concreto,Retención (Corte),Triangular,1350,2990,con aisladores ,Ceramica (Aislador de suspensión),4,4,4,,No,,,,No,No,No,No,No,No,No,No,No,,No,,,No,Cable desnudo,Cable de guarda,1,Bueno,,No
232,20/10/2025 8:04,GEOPARK ,TIGANA ,TGN - PDT,T-TUAE14,44.472.123,-726.455.142,Poste,Concreto,Suspensión,Triangular,1050,2400,,Ceramica (Aislador de suspensión),4,4,4,,No,,,,No,No,No,No,No,No,No,No,No,,No,,,No,Cable desnudo,Cable de guarda,1,Bueno,,Sí
23,15/10/2025 9:02,GEOPARK ,JACANA,JAC - JCB,J-JB15,43.977.855,-727.224.116,Poste,Concreto,Retención (Corte),Triangular,1350,2990,con aisladores ,Ceramica (Aislador de suspensión),4,4,4,,No,,,,No,No,No,No,No,No,No,No,No,,No,,,No,Cable desnudo,Cable de guarda,1,Bueno,,Sí
22,15/10/2025 8:58,GEOPARK ,JACANA,JAC - JCB,J-JB16,43.991.094,-727.222.348,Poste,Concreto,Suspensión,Triangular,1350,2990,,Ceramica (Aislador de suspensión),4,4,4,,No,,,,No,No,No,No,No,No,No,No,No,,No,,,No,Cable desnudo,Cable de guarda,1,Bueno,,No
21,15/10/2025 8:52,GEOPARK ,JACANA,JAC - JCB,J-JB17,43.997.571,-727.220.849,Poste,Concreto,Retención (Corte),Triangular,1350,2990,con aisladores,Ceramica (Aislador de suspensión),4,4,4,,No,,,,No,No,No,No,No,No,No,No,No,,No,,,No,Cable desnudo,Cable de guarda,1,Bueno,,Sí
20,15/10/2025 8:48,GEOPARK ,JACANA,JAC - JCB,J-JB18,44.007.447,-727.219.231,Poste,Concreto,Retención (Corte),Triangular,1350,2990,Dos a suelo uno a poste cercano,,,,,,No,,,,,,,,,,,,,,,,,,,,,,,
18,15/10/2025 8:34,GEOPARK ,JACANA,JAC - JCB,J-JB19,4.401.741,-72.721.618,Poste,Concreto,Retención (Corte),Triangular,1350,2990,con aisladores ,Ceramica (Aislador de suspensión),4,4,4,,No,,,,No,No,No,No,No,No,No,No,No,,No,,,No,Cable desnudo,Cable de guarda,1,Bueno,,No
17,15/10/2025 8:28,GEOPARK ,JACANA,JAC - JCB,J-JB20,4.402.516,-7.272.137,Poste,Concreto,Retención (Corte),Triangular,1350,2990,,Ceramica (Aislador de suspensión),4,4,4,,No,,,,No,No,No,No,No,No,No,No,No,,No,,,No,Cable desnudo,Cable de guarda,1,Bueno,,No
16,15/10/2025 8:21,GEOPARK ,JACANA,JAC - JCB,J-JB21,44.030.618,-727.214.146,Poste,Concreto,Retención (Corte),Triangular,1350,2990,Avifauna solo en un templete,,,,,,,,,,,,,,,,,,,,,,,,,,,,,
15,15/10/2025 8:16,GEOPARK ,JACANA,JAC - JCB,J-JB22,44.036.655,-727.218.394,Poste,Concreto,Retención (Corte),Otro,1350,2990,con aislador y avifauna,Ceramica (Aislador de suspensión),4,4,4,,No,,,,No,No,No,No,No,No,No,No,No,,No,,,No,Cable desnudo,Cable de guarda,1,Bueno,,Sí
14,15/10/2025 8:09,GEOPARK,JACANA,JAC - JCB,J-JB23,4.404.784,-72.721.295,Poste,Concreto,Retención (Corte),Triangular,1050,2940,,Ceramica (Aislador de suspensión),4,4,4,,No,,,,No,No,No,No,No,No,No,No,No,,No,,,No,Cable desnudo,Cable de guarda,1,Bueno,,Sí
259,20/10/2025 10:24,GEOPARK ,TIGANA ,TGN - PDT,T-TUAE42 Y T-TUAE43,44.279.918,-726.364.068,Poste,Concreto,Retención (Corte),H,1350,2990,,Ceramica (Aislador de suspensión),4,4,4,,Sí,1,1,1,Sí,No,No,Sí,No,No,No,Sí,Sí,,No,,,No,Cable desnudo,Cable de Guarda y Dps,2,Bueno,,Sí
724,20/10/2025 10:25,GEOPARK ,TIGANA ,Derivación Buco,DB01,4.431557112,-72.63169689,Poste,Concreto,,,,,,,,,,,,,,,,,,,,,,,,,,,,,,,,,,
725,20/10/2025 10:26,GEOPARK ,TIGANA ,Derivación Buco,DB02,4.430829924,-72.63160408,Poste,Concreto,,,,,,,,,,,,,,,,,,,,,,,,,,,,,,,,,,
726,20/10/2025 10:27,GEOPARK ,TIGANA ,Derivación Buco,DB03,4.430191476,-72.63151621,Poste,Concreto,,,,,,,,,,,,,,,,,,,,,,,,,,,,,,,,,,
727,20/10/2025 10:28,GEOPARK ,TIGANA ,Derivación Buco,DB04,4.429915519,-72.63238389,Poste,Concreto,,,,,,,,,,,,,,,,,,,,,,,,,,,,,,,,,,
728,20/10/2025 10:29,GEOPARK ,TIGANA ,Derivación Buco,DB05,4.429651475,-72.633254,Poste,Concreto,,,,,,,,,,,,,,,,,,,,,,,,,,,,,,,,,,
729,20/10/2025 10:30,GEOPARK ,TIGANA ,Derivación Buco,DB06,4.429360412,-72.63413306,Poste,Concreto,,,,,,,,,,,,,,,,,,,,,,,,,,,,,,,,,,
730,20/10/2025 10:31,GEOPARK ,TIGANA ,Derivación Buco,DB07,4.429111878,-72.63500793,Poste,Concreto,,,,,,,,,,,,,,,,,,,,,,,,,,,,,,,,,,
731,20/10/2025 10:32,GEOPARK ,TIGANA ,Derivación Buco,DB08,4.428857521,-72.63592596,Poste,Concreto,,,,,,,,,,,,,,,,,,,,,,,,,,,,,,,,,,
732,20/10/2025 10:33,GEOPARK ,TIGANA ,Derivación Buco,DB00,4.432363848,-72.63194231,Poste,Concreto,,,,,,,,,,,,,,,,,,,,,,,,,,,,,,,,,,
